,distance,blosum62,total,fa_atr,fa_rep,fa_sol,fa_intra_rep,fa_elec,pro_close,hbond_sr_bb,hbond_lr_bb,hbond_bb_sc,hbond_sc,dslf_fa13,coordinate_constraint,angle_constraint,dihedral_constraint,rama,omega,fa_dun,p_aa_pp,ref,chainbreak,res_type_constraint,total_score,fa_rep_enzdes,hbond_sc_enzdes,all_cst,tot_pstat_pm,tot_nlpstat_pm,tot_burunsat_pm,tot_hbond_pm,tot_NLconts_pm,tot_nlsurfaceE_pm,tot_total_charge,tot_total_pos_charges,tot_total_neg_charges,tot_seq_recovery,SR_1,SR_1_total_score,SR_1_fa_rep,SR_1_hbond_sc,SR_1_all_cst,SR_1_hbond_pm,SR_1_burunsat_pm,SR_1_pstat_pm,SR_1_nlpstat_pm,SR_2,SR_2_total_score,SR_2_fa_rep,SR_2_hbond_sc,SR_2_all_cst,SR_2_hbond_pm,SR_2_burunsat_pm,SR_2_pstat_pm,SR_2_nlpstat_pm,SR_3,SR_3_total_score,SR_3_fa_rep,SR_3_hbond_sc,SR_3_all_cst,SR_3_hbond_pm,SR_3_burunsat_pm,SR_3_pstat_pm,SR_3_nlpstat_pm,SR_4,SR_4_total_score,SR_4_fa_rep,SR_4_hbond_sc,SR_4_all_cst,SR_4_hbond_pm,SR_4_burunsat_pm,SR_4_pstat_pm,SR_4_nlpstat_pm,SR_5,SR_5_total_score,SR_5_fa_rep,SR_5_hbond_sc,SR_5_all_cst,SR_5_interf_E_1_2,SR_5_dsasa_1_2,SR_5_hbond_pm,SR_5_burunsat_pm,expression
C167A,8.53896903992,0,-0.322,1.223,0.071,-1.51,0.001,0.193,0.014,0.021,-0.071,-0.026,-0.002,0.0,0.0,0.0,0.0,-0.083,-0.056,0.009,-0.341,0.238,0.0,0.0,-708.379,280.818,-72.346,0.004,0.7,0.694,144.1,439.3,149.8,0.684,-27.0,36.0,63.0,1.0,353.0,1.941,1.165,0.0,0.0,2.0,1.0,0.825,0.786,164.0,0.166,1.095,-0.733,0.0,4.9,1.0,0.786,0.757,353.0,1.941,1.165,0.0,0.0,2.0,1.0,0.825,0.786,295.0,-2.183,0.719,-0.528,0.0,2.0,0.0,0.904,0.891,446.0,-5.679,0.875,-3.828,0.0,-11.359,0.898,7.9,1.0,1.0
C167Q,8.53896903992,-3,1.048,-3.624,0.33,2.461,-0.002,-0.312,0.004,-0.023,-0.052,0.308,-0.346,0.001,0.0,0.0,0.0,0.027,0.408,3.564,-0.163,-1.533,0.0,0.0,-701.642,283.778,-70.421,0.005,0.705,0.697,149.0,437.2,149.1,0.753,-27.0,36.0,63.0,1.0,353.0,1.879,1.183,0.0,0.0,2.0,1.0,0.861,0.881,164.0,0.776,1.258,-0.554,0.002,4.5,1.0,0.705,0.699,353.0,1.879,1.183,0.0,0.0,2.0,1.0,0.861,0.881,295.0,-2.214,0.697,-0.552,0.0,2.0,0.0,0.905,0.893,446.0,-5.487,0.957,-3.331,0.003,-10.976,0.906,7.3,1.0,1.0
E177L,13.5962762833,-3,-1.587,0.272,0.752,-2.093,0.001,0.007,-0.011,-0.165,-0.2,0.007,-0.053,0.0,0.0,0.0,0.0,0.241,0.024,-2.587,0.061,2.156,0.0,0.0,-705.799,280.914,-70.403,0.006,0.701,0.694,145.4,437.3,149.0,0.796,-26.0,36.0,62.0,1.0,353.0,1.93,1.146,0.0,0.001,2.0,1.0,0.839,0.812,164.0,0.273,1.13,-0.7,0.0,4.8,1.0,0.852,0.823,353.0,1.93,1.146,0.0,0.001,2.0,1.0,0.839,0.812,295.0,-2.146,0.701,-0.54,0.0,2.0,0.0,0.89,0.896,446.0,-5.62,0.869,-3.646,0.001,-11.242,0.903,7.7,1.0,1.0
E222A,12.075053215,-1,-0.966,4.995,-2.157,-7.12,-0.015,2.132,0.007,0.04,0.227,0.566,2.588,-0.001,0.0,0.0,0.0,-0.143,-0.134,-3.983,-0.114,2.147,0.0,0.0,-700.519,279.919,-68.1,0.004,0.694,0.689,147.9,434.9,148.4,0.77,-26.0,36.0,62.0,1.0,353.0,1.861,1.124,0.0,0.0,2.0,1.0,0.791,0.843,164.0,0.264,1.069,-0.685,0.0,4.7,1.0,0.674,0.753,353.0,1.861,1.124,0.0,0.0,2.0,1.0,0.791,0.843,295.0,-2.149,0.713,-0.543,0.0,2.0,0.0,0.847,0.855,446.0,-5.43,0.888,-3.506,0.001,-10.862,0.902,7.5,1.0,1.0
E222H,12.075053215,0,-4.721,-2.14,0.128,-2.768,-0.026,1.467,-0.022,0.071,0.458,-0.204,0.435,-0.002,0.0,0.0,0.0,0.059,-0.305,-3.472,-0.311,1.911,0.0,0.0,-706.824,279.957,-69.17,0.006,0.697,0.696,149.5,436.5,150.3,0.711,-26.0,36.0,62.0,1.0,353.0,1.925,1.132,0.0,0.001,2.0,1.0,0.874,0.866,164.0,0.443,1.025,-0.649,0.001,4.5,1.0,0.796,0.775,353.0,1.925,1.132,0.0,0.001,2.0,1.0,0.874,0.866,295.0,-2.35,0.69,-0.54,0.0,2.0,1.0,0.853,0.848,446.0,-5.581,0.884,-3.595,0.004,-11.161,0.919,7.5,1.0,1.0
E222Q,12.075053215,2,-1.288,-0.251,-0.482,-2.63,-0.001,1.231,0.011,0.055,0.103,0.085,0.753,-0.001,0.0,0.0,0.0,-0.139,-0.347,0.149,-0.2,0.376,0.0,0.0,-704.673,279.963,-70.185,0.005,0.698,0.691,147.8,437.0,150.5,0.709,-26.0,36.0,62.0,1.0,353.0,1.993,1.154,0.0,0.0,2.0,1.0,0.816,0.786,164.0,0.245,1.034,-0.729,0.001,4.7,1.0,0.76,0.725,353.0,1.993,1.154,0.0,0.0,2.0,1.0,0.816,0.786,295.0,-1.995,0.725,-0.528,0.0,2.0,0.1,0.876,0.889,446.0,-5.611,0.885,-3.664,0.002,-11.225,0.919,7.6,1.0,1.0
E222R,12.075053215,0,0.023,-2.736,-1.859,2.147,-0.004,1.949,0.002,0.115,0.231,-0.698,2.599,0.001,0.0,0.0,0.0,-0.3,-0.3,-2.195,-0.333,1.405,0.0,0.0,-707.364,280.159,-72.098,0.004,0.695,0.693,148.8,438.7,149.3,0.711,-25.0,37.0,62.0,1.0,353.0,1.937,1.142,0.0,0.0,2.0,1.0,0.834,0.819,164.0,0.124,1.024,-0.763,0.0,4.9,1.0,0.84,0.841,353.0,1.937,1.142,0.0,0.0,2.0,1.0,0.834,0.819,295.0,-2.118,0.707,-0.548,0.0,2.0,1.0,0.878,0.905,446.0,-6.489,1.099,-4.288,0.001,-12.978,0.948,8.8,1.0,0.0
E222Y,12.075053215,-2,-6.287,-3.988,0.0,-3.17,-0.012,2.237,-0.027,0.124,0.386,0.479,0.345,-0.002,0.0,0.0,0.0,-0.059,-0.018,-3.95,-0.318,1.685,0.0,0.0,-706.37,280.924,-69.876,0.003,0.702,0.696,150.4,435.9,149.6,0.693,-26.0,36.0,62.0,1.0,353.0,1.895,1.13,0.0,0.0,2.0,1.0,0.798,0.829,164.0,0.408,1.006,-0.602,0.0,4.4,1.0,0.76,0.754,353.0,1.895,1.13,0.0,0.0,2.0,1.0,0.798,0.829,295.0,-2.322,0.745,-0.559,0.0,2.0,1.0,0.844,0.843,446.0,-5.485,0.941,-3.505,0.0,-10.969,0.93,7.3,1.0,0.0
E406A,8.50082969666,-1,-1.571,7.176,-0.414,-8.923,-0.007,0.886,0.004,-0.276,-0.25,-0.059,1.316,0.004,0.0,0.0,0.0,0.276,-0.26,-3.149,-0.041,2.147,0.0,0.0,-702.018,279.368,-68.796,0.007,0.692,0.688,142.9,436.2,149.0,0.869,-26.0,36.0,62.0,1.0,353.0,1.859,1.148,0.0,0.0,2.0,1.0,0.911,0.908,164.0,0.22,1.086,-0.669,0.003,4.7,1.0,0.737,0.754,353.0,1.859,1.148,0.0,0.0,2.0,1.0,0.911,0.908,295.0,-2.187,0.626,-0.547,0.0,2.0,0.0,0.885,0.874,446.0,-4.418,0.827,-3.066,0.004,-8.835,0.898,6.5,1.0,1.0
E406D,8.50082969666,2,1.097,2.907,-0.203,-1.499,0.0,0.358,0.001,-0.198,-0.21,-0.017,1.332,0.002,0.0,0.0,0.0,0.18,-0.406,-1.29,-0.126,0.267,0.0,0.0,-704.381,278.992,-68.752,0.003,0.698,0.699,143.5,436.4,146.8,0.733,-27.0,36.0,63.0,1.0,353.0,1.809,1.107,0.0,0.0,2.0,1.0,0.874,0.824,164.0,0.345,1.064,-0.602,0.0,4.4,1.0,0.755,0.757,353.0,1.809,1.107,0.0,0.0,2.0,1.0,0.874,0.824,295.0,-2.183,0.664,-0.545,0.0,2.0,0.0,0.897,0.852,446.0,-4.747,0.761,-3.013,0.0,-9.493,0.902,6.4,1.0,1.0
G355A,9.44966983795,0,1.392,-2.962,2.535,0.19,0.011,-0.548,0.008,0.018,0.076,0.287,-0.744,0.001,0.0,0.0,0.0,0.505,-0.3,0.575,1.286,0.452,0.0,0.0,-702.424,282.635,-70.96,0.003,0.701,0.693,147.3,438.1,148.5,0.775,-27.0,36.0,63.0,1.0,353.0,2.007,1.198,0.0,0.0,2.0,1.0,0.84,0.834,164.0,0.302,1.085,-0.662,0.0,4.6,1.0,0.694,0.737,353.0,2.007,1.198,0.0,0.0,2.0,1.0,0.84,0.834,295.0,-2.137,0.708,-0.533,0.0,2.0,0.0,0.888,0.884,446.0,-5.563,0.856,-3.561,0.0,-11.125,0.902,7.6,1.0,0.0
H101R,25.8344364166,0,0.549,2.549,-0.263,-0.566,0.009,0.029,0.005,-0.046,0.012,0.011,-0.148,0.0,0.0,0.0,0.0,-0.113,-0.057,-0.164,-0.202,-0.507,0.0,0.0,-138.453,785.604,-71.248,0.005,0.706,0.696,146.5,437.8,149.6,0.725,-26.0,37.0,63.0,1.0,353.0,1.978,1.144,0.0,0.0,2.0,1.0,0.876,0.818,164.0,0.27,1.073,-0.639,0.0,4.5,1.0,0.732,0.734,353.0,1.978,1.144,0.0,0.0,2.0,1.0,0.876,0.818,295.0,-2.109,0.727,-0.54,0.0,2.0,0.0,0.855,0.869,446.0,-5.73,0.881,-3.682,0.001,-11.46,0.903,7.5,1.0,1.0
H119A,9.56187343597,-2,2.293,10.07,1.374,-6.754,-0.067,-0.102,-0.019,-0.177,-0.2,1.041,0.78,0.004,0.0,0.0,0.0,0.305,-0.624,-4.233,0.658,0.235,0.0,0.0,-706.457,280.624,-70.335,0.0,0.692,0.686,145.4,437.4,147.6,0.783,-27.0,36.0,63.0,1.0,353.0,1.926,1.144,0.0,0.0,2.0,1.0,0.878,0.822,164.0,0.454,1.073,-0.499,0.0,4.0,1.0,0.748,0.813,353.0,1.926,1.144,0.0,0.0,2.0,1.0,0.878,0.822,295.0,-2.068,0.739,-0.533,0.0,2.0,0.0,0.835,0.861,446.0,-5.365,0.893,-3.324,0.0,-10.729,0.899,7.0,1.0,1.0
H119E,9.56187343597,0,1.113,2.223,-0.282,4.459,-0.019,-3.586,-0.028,-0.104,-0.034,-0.035,-3.509,-0.002,0.0,0.0,0.0,0.199,0.543,2.558,0.643,-1.911,0.0,0.0,-706.697,281.038,-72.783,0.003,0.698,0.694,144.1,439.7,148.8,0.669,-28.0,36.0,64.0,1.0,353.0,1.888,1.143,0.0,0.0,2.0,1.0,0.914,0.902,164.0,0.233,1.035,-0.555,0.0,4.3,1.0,0.794,0.796,353.0,1.888,1.143,0.0,0.0,2.0,1.0,0.914,0.902,295.0,-2.113,0.705,-0.544,0.0,2.0,0.0,0.877,0.876,446.0,-5.237,0.879,-3.372,0.0,-10.475,0.901,7.0,1.0,1.0
H119N,9.56187343597,1,1.88,4.373,-0.686,-0.588,-0.063,-0.053,0.012,-0.084,0.053,1.127,-0.162,0.003,0.0,0.0,0.0,-0.001,-0.417,-0.502,0.168,-1.299,0.0,0.0,-705.112,281.798,-71.374,0.002,0.697,0.692,148.3,438.3,149.9,0.719,-27.0,36.0,63.0,1.0,353.0,1.959,1.181,0.0,0.0,2.0,1.0,0.878,0.852,164.0,0.402,1.056,-0.481,0.0,4.0,1.0,0.75,0.759,353.0,1.959,1.181,0.0,0.0,2.0,1.0,0.878,0.852,295.0,-2.03,0.748,-0.535,0.0,2.0,0.0,0.863,0.856,446.0,-5.285,0.909,-3.355,0.0,-10.573,0.904,7.0,1.0,1.0
H178R,11.8168926239,0,2.672,-0.238,-0.326,4.582,0.01,0.33,0.014,0.246,-0.082,-0.565,-0.146,0.001,0.0,0.0,0.0,0.215,-0.071,-0.857,0.065,-0.507,0.0,0.0,-704.681,281.193,-71.605,0.007,0.7,0.694,144.0,439.5,150.6,0.811,-26.0,37.0,63.0,1.0,353.0,2.006,1.149,0.0,0.001,2.0,1.0,0.922,0.9,164.0,0.064,1.029,-0.748,0.0,4.9,1.0,0.76,0.774,353.0,2.006,1.149,0.0,0.001,2.0,1.0,0.922,0.9,295.0,-2.101,0.774,-0.536,0.0,2.0,0.0,0.845,0.871,446.0,-5.317,1.046,-3.755,0.002,-10.637,0.892,7.8,0.9,1.0
H178R,11.8168926239,0,2.672,-0.238,-0.326,4.582,0.01,0.33,0.014,0.246,-0.082,-0.565,-0.146,0.001,0.0,0.0,0.0,0.215,-0.071,-0.857,0.065,-0.507,0.0,0.0,-704.681,281.193,-71.605,0.007,0.7,0.694,144.0,439.5,150.6,0.811,-26.0,37.0,63.0,1.0,353.0,2.006,1.149,0.0,0.001,2.0,1.0,0.922,0.9,164.0,0.064,1.029,-0.748,0.0,4.9,1.0,0.76,0.774,353.0,2.006,1.149,0.0,0.001,2.0,1.0,0.922,0.9,295.0,-2.101,0.774,-0.536,0.0,2.0,0.0,0.845,0.871,446.0,-5.317,1.046,-3.755,0.002,-10.637,0.892,7.8,0.9,1.0
H379T,16.1336574554,-2,2.396,8.646,0.005,-2.851,-0.002,0.257,-0.018,0.037,-0.032,0.039,-1.101,0.002,0.0,0.0,0.0,0.044,0.063,-2.505,0.005,-0.193,0.0,0.0,-706.143,280.419,-72.584,0.007,0.696,0.691,142.4,438.7,148.9,0.727,-27.0,36.0,63.0,1.0,353.0,1.88,1.152,0.0,0.0,2.0,1.0,0.88,0.876,164.0,0.257,1.071,-0.626,0.0,4.5,1.0,0.865,0.839,353.0,1.88,1.152,0.0,0.0,2.0,1.0,0.88,0.876,295.0,-2.118,0.69,-0.547,0.0,2.0,0.0,0.897,0.905,446.0,-5.646,0.849,-3.619,0.001,-11.29,0.9,7.5,1.0,1.0
I244E,13.5841970444,-3,0.615,-1.555,0.614,6.554,-0.013,-2.284,0.002,0.194,0.162,0.032,-3.212,0.002,0.0,0.0,0.0,0.076,-0.087,2.336,0.18,-2.386,0.0,0.0,-705.537,280.532,-71.472,0.006,0.693,0.689,148.3,439.3,148.4,0.779,-28.0,36.0,64.0,1.0,353.0,1.894,1.122,0.0,0.001,2.0,1.0,0.791,0.806,164.0,0.309,1.027,-0.655,0.0,4.5,1.0,0.825,0.816,353.0,1.894,1.122,0.0,0.001,2.0,1.0,0.791,0.806,295.0,-2.173,0.677,-0.533,0.0,2.0,1.0,0.841,0.831,446.0,-5.545,0.852,-3.596,0.002,-11.093,0.922,7.5,1.0,1.0
I244N,13.5841970444,-3,-3.444,-4.205,0.462,7.127,-0.003,-3.75,0.002,-0.042,0.11,-1.01,-4.386,0.0,0.0,0.0,0.0,0.196,-0.015,3.754,0.09,-1.774,0.0,0.0,-702.873,280.67,-71.532,0.005,0.696,0.689,145.8,439.5,149.8,0.771,-27.0,36.0,63.0,1.0,353.0,1.938,1.156,0.0,0.0,2.0,1.0,0.855,0.828,164.0,0.329,1.052,-0.695,0.0,4.7,1.0,0.736,0.765,353.0,1.938,1.156,0.0,0.0,2.0,1.0,0.855,0.828,295.0,-2.139,0.753,-0.537,0.0,2.0,0.0,0.899,0.877,446.0,-5.418,0.955,-3.571,0.001,-10.838,0.901,7.5,1.0,0.0
L362M,25.4343891144,2,-1.054,0.2,-0.22,0.074,-0.013,-0.255,-0.009,-0.001,0.051,0.008,0.068,0.001,0.0,0.0,0.0,0.062,0.082,-0.756,0.098,-0.444,0.0,0.0,-558.456,343.95,-71.029,0.004,0.702,0.696,145.3,438.0,150.1,0.799,-27.0,36.0,63.0,1.0,353.0,1.997,1.161,0.0,0.0,2.0,1.0,0.82,0.85,164.0,0.337,1.106,-0.634,0.0,4.5,1.0,0.779,0.705,353.0,1.997,1.161,0.0,0.0,2.0,1.0,0.82,0.85,295.0,-2.105,0.745,-0.531,0.0,2.0,0.0,0.907,0.897,446.0,-5.48,0.916,-3.487,0.001,-10.956,0.904,7.3,1.0,1.0
M221A,10.5065908432,-1,3.996,5.733,-0.646,-1.387,0.003,-0.062,-0.006,-0.033,0.061,0.006,-0.039,0.0,0.0,0.0,0.0,0.153,-0.015,-0.383,0.178,0.434,0.0,0.0,-703.42,280.548,-71.556,0.003,0.697,0.695,144.9,437.7,151.0,0.722,-27.0,36.0,63.0,1.0,353.0,1.977,1.149,0.0,0.0,2.0,1.0,0.841,0.831,164.0,0.128,1.044,-0.694,0.0,4.7,1.0,0.766,0.788,353.0,1.977,1.149,0.0,0.0,2.0,1.0,0.841,0.831,295.0,-2.135,0.722,-0.53,0.0,2.0,0.0,0.938,0.923,446.0,-5.705,0.875,-3.669,0.001,-11.409,0.904,7.6,1.0,0.0
M261D,23.8513622284,-3,5.683,2.471,-1.523,5.884,0.008,-0.398,0.004,0.239,0.091,0.122,0.081,-0.004,0.0,0.0,0.0,0.012,0.038,0.23,-0.128,-1.445,0.0,0.0,-702.532,281.401,-71.736,0.008,0.697,0.692,146.2,438.4,149.5,0.726,-28.0,36.0,64.0,1.0,353.0,1.953,1.15,0.0,0.001,2.0,1.0,0.871,0.834,164.0,0.142,1.083,-0.709,0.0,4.9,1.0,0.778,0.764,353.0,1.953,1.15,0.0,0.001,2.0,1.0,0.871,0.834,295.0,-2.147,0.721,-0.537,0.0,2.0,0.0,0.894,0.892,446.0,-5.752,0.885,-3.802,0.003,-11.504,0.9,7.8,1.0,0.0
M358T,15.4203214645,-1,1.134,2.978,-0.208,1.149,0.003,-0.592,0.008,-0.007,-0.086,0.011,-0.033,0.001,0.0,0.0,0.0,0.09,0.13,-2.028,-0.289,0.006,0.0,0.0,-706.351,280.697,-71.413,0.006,0.701,0.701,147.4,438.4,149.1,0.64,-27.0,36.0,63.0,1.0,353.0,1.937,1.179,0.0,0.0,2.0,1.0,0.81,0.803,164.0,0.175,1.093,-0.718,0.001,4.9,1.0,0.794,0.795,353.0,1.937,1.179,0.0,0.0,2.0,1.0,0.81,0.803,295.0,-2.145,0.689,-0.539,0.0,2.0,0.0,0.859,0.894,446.0,-5.673,0.868,-3.726,0.002,-11.344,0.902,7.8,1.0,1.0
N220Y,7.49678945541,-2,-3.215,-3.869,0.375,-0.782,0.015,-0.937,-0.007,-0.034,0.471,0.566,-0.21,-0.006,0.0,0.0,0.0,-0.032,-0.269,0.509,-0.08,1.074,0.0,0.0,-709.215,280.887,-71.607,0.006,0.701,0.692,149.0,437.7,150.1,0.747,-27.0,36.0,63.0,1.0,353.0,2.025,1.174,0.0,0.0,2.0,1.0,0.86,0.872,164.0,0.558,1.053,-0.344,0.0,3.7,1.0,0.824,0.866,353.0,2.025,1.174,0.0,0.0,2.0,1.0,0.86,0.872,295.0,-2.371,0.745,-0.522,0.0,2.0,1.0,0.825,0.856,446.0,-6.199,0.847,-3.73,0.0,-12.399,0.941,7.7,1.0,1.0
N293A,6.89820384979,-2,1.137,6.318,-0.461,-7.855,0.003,1.669,-0.004,0.022,0.037,0.297,2.011,-0.002,0.0,0.0,0.0,0.247,-0.962,-1.535,-0.182,1.535,0.0,0.0,-708.944,278.117,-70.842,0.005,0.701,0.696,142.4,436.9,149.1,0.636,-27.0,36.0,63.0,1.0,353.0,1.601,0.713,0.0,0.0,2.0,1.0,0.868,0.885,164.0,-0.15,0.805,-0.675,0.0,4.6,1.0,0.772,0.786,353.0,1.601,0.713,0.0,0.0,2.0,1.0,0.868,0.885,295.0,-2.05,0.72,-0.538,0.0,2.0,0.0,0.881,0.904,446.0,-5.729,0.985,-3.624,0.001,-11.458,0.906,7.5,1.0,1.0
N293D,6.89820384979,1,7.003,-0.317,-2.188,3.04,0.024,2.88,0.025,-0.015,-0.077,0.004,3.689,0.0,0.0,0.0,0.0,0.059,-0.628,0.95,-0.098,-0.345,0.0,0.0,-705.911,279.338,-71.129,0.008,0.701,0.699,145.4,437.7,149.7,0.722,-28.0,36.0,64.0,1.0,353.0,2.102,1.061,0.0,0.0,2.0,1.0,0.861,0.81,164.0,0.091,0.887,-0.627,0.001,4.5,1.0,0.862,0.786,353.0,2.102,1.061,0.0,0.0,2.0,1.0,0.861,0.81,295.0,-2.097,0.722,-0.543,0.0,2.0,0.0,0.914,0.905,446.0,-5.867,0.905,-3.62,0.001,-11.732,0.903,7.5,1.0,1.0
N293Q,6.89820384979,0,5.444,0.023,0.482,-2.022,0.003,2.397,-0.007,0.007,0.354,0.489,3.425,0.0,0.0,0.0,0.0,-0.336,-0.23,1.16,-0.064,-0.236,0.0,0.0,-701.449,283.348,-72.366,0.002,0.705,0.698,146.9,438.5,148.5,0.766,-27.0,36.0,63.0,1.0,353.0,2.064,1.188,0.0,0.0,1.5,1.5,0.869,0.886,164.0,0.555,1.242,-0.779,0.0,4.9,1.0,0.794,0.788,353.0,2.064,1.188,0.0,0.0,1.5,1.5,0.869,0.886,295.0,-2.158,0.768,-0.53,0.0,2.0,0.0,0.932,0.922,446.0,-5.619,0.885,-3.818,0.001,-11.24,0.9,7.9,1.0,1.0
R240A,18.2898006439,-1,-0.252,7.65,-0.555,-8.726,-0.014,1.973,-0.002,-0.068,-0.011,0.088,1.878,0.001,0.0,0.0,0.0,0.123,-0.176,-2.924,-0.231,0.742,0.0,0.0,-705.724,279.003,-69.429,0.001,0.697,0.69,147.6,435.6,148.7,0.689,-28.0,35.0,63.0,1.0,353.0,1.883,1.114,0.0,0.0,2.0,1.0,0.813,0.788,164.0,0.395,1.048,-0.664,0.0,4.4,1.0,0.752,0.753,353.0,1.883,1.114,0.0,0.0,2.0,1.0,0.813,0.788,295.0,-2.144,0.695,-0.541,0.0,2.0,0.3,0.795,0.823,446.0,-5.393,0.874,-3.443,0.0,-10.788,0.923,7.4,1.0,1.0
R240D,18.2898006439,-2,4.469,4.149,-0.787,-1.364,-0.013,2.415,-0.007,-0.078,-0.111,0.18,1.837,-0.001,0.0,0.0,0.0,0.205,-0.225,-0.618,0.026,-1.138,0.0,0.0,-703.33,279.287,-69.778,0.004,0.692,0.691,148.7,435.3,149.5,0.771,-29.0,35.0,64.0,1.0,353.0,1.957,1.135,0.0,0.0,2.0,1.0,0.879,0.898,164.0,0.273,1.027,-0.706,0.0,4.6,1.0,0.776,0.784,353.0,1.957,1.135,0.0,0.0,2.0,1.0,0.879,0.898,295.0,-2.119,0.683,-0.548,0.0,2.0,0.3,0.795,0.843,446.0,-5.533,0.838,-3.623,0.002,-11.067,0.928,7.6,1.0,1.0
R240E,18.2898006439,0,2.172,3.399,-0.529,-2.161,-0.008,1.699,-0.003,-0.057,-0.148,0.182,1.976,0.0,0.0,0.0,0.0,0.031,-0.241,-0.528,-0.034,-1.405,0.0,0.0,-703.061,279.746,-68.577,0.006,0.702,0.691,149.1,435.3,148.0,0.839,-29.0,35.0,64.0,1.0,353.0,1.879,1.14,0.0,0.0,2.0,1.0,0.833,0.865,164.0,0.258,1.024,-0.681,0.0,4.6,1.0,0.702,0.717,353.0,1.879,1.14,0.0,0.0,2.0,1.0,0.833,0.865,295.0,-2.141,0.693,-0.546,0.0,2.0,0.4,0.892,0.928,446.0,-5.319,0.88,-3.461,0.0,-10.635,0.931,7.4,1.0,0.0
R240K,18.2898006439,2,1.14,3.247,-0.506,-4.105,-0.008,1.835,-0.004,-0.043,-0.062,0.135,1.954,0.0,0.0,0.0,0.0,-0.023,-0.134,-1.087,0.078,-0.138,0.0,0.0,-702.994,279.834,-68.869,0.006,0.7,0.687,149.0,435.8,149.1,0.752,-27.0,36.0,63.0,1.0,353.0,1.91,1.112,0.0,0.0,2.0,1.0,0.816,0.807,164.0,0.346,1.016,-0.671,0.0,4.5,1.0,0.732,0.834,353.0,1.91,1.112,0.0,0.0,2.0,1.0,0.816,0.807,295.0,-2.153,0.718,-0.526,0.0,2.0,0.5,0.875,0.881,446.0,-5.442,0.904,-3.565,0.001,-10.882,0.927,7.5,1.0,1.0
S16A,9.39523410797,1,-0.771,0.713,0.122,-2.564,0.004,0.083,-0.001,-0.047,0.051,-0.289,0.927,-0.001,0.0,0.0,0.0,0.093,-0.07,-0.203,-0.004,0.416,0.0,0.0,-706.806,281.21,-70.516,0.007,0.7,0.696,144.5,437.3,148.8,0.724,-27.0,36.0,63.0,1.0,353.0,1.922,1.116,0.0,0.0,2.0,1.0,0.845,0.844,164.0,0.247,1.083,-0.677,0.0,4.6,1.0,0.817,0.849,353.0,1.922,1.116,0.0,0.0,2.0,1.0,0.845,0.844,295.0,-2.156,0.679,-0.548,0.0,2.0,0.0,0.92,0.908,446.0,-5.717,0.864,-3.648,0.001,-11.437,0.901,7.6,1.0,1.0
S16N,9.39523410797,1,1.983,-5.917,0.983,4.279,-0.044,0.426,0.02,-0.143,0.114,1.166,-0.922,0.01,0.0,0.0,0.0,0.242,-0.58,3.122,0.347,-1.119,0.0,0.0,-702.221,282.578,-70.21,0.007,0.7,0.692,147.2,437.8,149.6,0.736,-27.0,36.0,63.0,1.0,353.0,1.954,1.147,0.0,0.0,2.0,1.0,0.868,0.84,164.0,0.426,1.126,-0.567,0.001,4.2,1.0,0.811,0.792,353.0,1.954,1.147,0.0,0.0,2.0,1.0,0.868,0.84,295.0,-2.186,0.68,-0.542,0.0,2.0,0.0,0.936,0.902,446.0,-5.135,0.809,-3.077,0.002,-10.266,0.902,6.8,1.0,1.0
S331A,17.4468212128,1,-2.454,0.187,-1.476,-2.502,-0.004,0.497,-0.001,-0.205,0.065,0.344,0.177,-0.001,0.0,0.0,0.0,-0.062,-0.116,-0.059,0.287,0.416,0.0,0.0,-707.079,280.636,-71.046,0.004,0.7,0.695,145.4,437.6,148.5,0.777,-27.0,36.0,63.0,1.0,353.0,1.899,1.13,0.0,0.001,2.0,1.0,0.851,0.852,164.0,0.286,1.087,-0.675,0.002,4.7,1.0,0.756,0.778,353.0,1.899,1.13,0.0,0.001,2.0,1.0,0.851,0.852,295.0,-2.137,0.712,-0.533,0.0,2.0,0.0,0.893,0.881,446.0,-5.598,0.883,-3.632,0.003,-11.197,0.903,7.7,1.0,1.0
T218A,10.330581665,0,-0.021,2.595,-0.906,-4.395,-0.009,0.384,0.003,0.018,-0.011,-0.007,1.234,-0.002,0.0,0.0,0.0,0.181,-0.045,0.073,0.436,0.428,0.0,0.0,-706.815,278.825,-69.573,0.002,0.7,0.691,145.3,436.7,148.8,0.744,-27.0,36.0,63.0,1.0,353.0,1.629,0.909,0.0,0.0,2.0,0.9,0.863,0.85,164.0,-0.139,0.954,-0.751,0.0,4.9,1.0,0.645,0.643,353.0,1.629,0.909,0.0,0.0,2.0,0.9,0.863,0.85,295.0,-2.086,0.717,-0.539,0.0,2.0,0.0,0.874,0.861,446.0,-5.658,0.985,-3.662,0.0,-11.317,0.904,7.7,1.0,1.0
W325A,12.8513002396,-3,1.319,9.131,-5.207,-1.386,-0.032,0.465,0.028,-0.014,0.05,-0.017,-0.196,-0.012,0.0,0.0,0.0,-0.199,0.044,-1.105,0.106,-0.336,0.0,0.0,-702.356,280.225,-71.46,0.004,0.702,0.696,142.2,438.4,148.4,0.587,-27.0,36.0,63.0,1.0,353.0,1.909,1.157,0.0,0.0,2.0,1.0,0.863,0.858,164.0,0.42,1.123,-0.615,0.001,4.5,1.0,0.826,0.812,353.0,1.909,1.157,0.0,0.0,2.0,1.0,0.863,0.858,295.0,-1.372,0.521,-0.522,0.0,2.0,0.0,0.831,0.812,446.0,-4.915,0.757,-3.414,0.001,-9.832,0.861,7.4,0.0,1.0
W399A,8.01172351837,-3,5.521,17.019,-3.64,-9.941,-0.038,1.888,-0.015,0.085,-0.06,-0.203,1.195,-0.007,0.0,0.0,0.0,-0.269,0.246,-0.98,0.578,-0.336,0.0,0.0,-702.108,278.711,-70.057,0.002,0.69,0.686,142.6,437.4,145.6,0.746,-27.0,36.0,63.0,1.0,353.0,2.062,1.065,0.0,0.0,2.0,1.0,0.83,0.813,164.0,0.185,1.096,-0.753,0.001,4.8,1.0,0.839,0.794,353.0,2.062,1.065,0.0,0.0,2.0,1.0,0.83,0.813,295.0,-2.034,0.754,-0.545,0.0,2.0,0.0,0.879,0.865,446.0,-5.483,0.615,-3.533,0.001,-10.968,0.883,7.6,1.0,1.0
W399G,8.01172351837,-2,8.923,20.375,-5.11,-12.305,-0.014,2.225,0.031,0.059,0.104,0.226,2.727,-0.007,0.0,0.0,0.0,-0.016,-0.395,1.466,0.346,-0.789,0.0,0.0,-700.367,277.692,-69.144,0.008,0.679,0.676,144.7,435.8,143.7,0.883,-27.0,36.0,63.0,1.0,353.0,2.228,0.991,0.0,0.0,2.0,1.0,0.854,0.817,164.0,0.108,1.056,-0.685,0.002,4.6,1.0,0.661,0.643,353.0,2.228,0.991,0.0,0.0,2.0,1.0,0.854,0.817,295.0,-2.043,0.734,-0.565,0.0,2.0,0.0,0.911,0.915,446.0,-5.51,0.629,-3.469,0.003,-11.02,0.877,7.2,1.0,1.0
W399R,8.01172351837,-3,5.53,6.104,-3.979,3.893,-0.007,-0.889,-0.003,0.058,-0.042,-0.413,-0.554,-0.011,0.0,0.0,0.0,-0.085,0.444,2.229,-0.137,-1.078,0.0,0.0,-694.964,283.881,-71.129,0.001,0.69,0.68,144.5,439.3,147.5,0.901,-26.0,37.0,63.0,1.0,353.0,1.811,1.282,-0.192,0.0,2.4,1.0,0.762,0.795,164.0,0.029,1.077,-0.658,0.0,5.0,1.0,0.813,0.803,353.0,1.811,1.282,-0.192,0.0,2.4,1.0,0.762,0.795,295.0,-2.092,0.781,-0.551,0.0,2.0,0.0,0.872,0.863,446.0,-4.003,0.791,-2.818,0.0,-8.001,0.891,6.5,1.2,1.0
W399S,8.01172351837,-3,4.279,15.836,-4.106,-7.595,-0.037,1.422,-0.011,0.065,-0.015,-0.279,-0.347,-0.008,0.0,0.0,0.0,-0.331,0.365,-0.263,0.337,-0.753,0.0,0.0,-702.279,278.69,-70.462,0.003,0.69,0.687,146.0,436.6,145.4,0.753,-27.0,36.0,63.0,1.0,353.0,2.151,1.122,0.0,0.001,2.0,1.0,0.788,0.768,164.0,0.177,1.043,-0.672,0.0,4.5,1.0,0.558,0.679,353.0,2.151,1.122,0.0,0.001,2.0,1.0,0.788,0.768,295.0,-2.599,0.777,-1.214,0.0,3.0,0.0,0.824,0.824,446.0,-5.163,0.582,-3.196,0.001,-10.326,0.886,6.9,1.0,1.0
W407A,9.17830753326,-3,6.369,17.991,-2.712,-6.019,-0.025,0.712,0.003,-0.044,0.1,0.11,0.018,0.003,0.0,0.0,0.0,-0.235,-0.126,-2.435,-0.637,-0.336,0.0,0.0,-699.269,276.932,-67.215,0.008,0.683,0.682,147.8,433.4,148.0,0.933,-27.0,36.0,63.0,1.0,353.0,1.86,1.064,0.0,0.0,2.0,1.0,0.867,0.888,164.0,0.286,1.073,-0.682,0.004,4.6,1.0,0.788,0.794,353.0,1.86,1.064,0.0,0.0,2.0,1.0,0.867,0.888,295.0,-2.315,0.63,-0.601,0.0,2.0,0.0,0.922,0.927,446.0,-4.021,0.91,-1.957,0.005,-8.044,0.904,4.6,1.4,1.0
W407G,9.17830753326,-2,6.64,20.273,-3.232,-6.219,-0.027,0.563,-0.009,-0.172,0.149,0.012,0.021,0.003,0.0,0.0,0.0,-0.203,-0.226,-2.37,-1.135,-0.789,0.0,0.0,-701.147,275.631,-67.153,0.007,0.686,0.681,147.9,433.0,148.1,0.896,-27.0,36.0,63.0,1.0,353.0,1.891,1.081,0.0,0.001,2.0,1.0,0.793,0.778,164.0,0.26,1.038,-0.651,0.0,4.5,1.0,0.815,0.733,353.0,1.891,1.081,0.0,0.001,2.0,1.0,0.793,0.778,295.0,-2.341,0.628,-0.609,0.0,2.0,0.0,0.92,0.911,446.0,-3.979,0.849,-1.876,0.003,-7.956,0.895,4.5,1.2,1.0
W407Q,9.17830753326,-2,6.562,10.62,-1.857,-0.596,-0.009,0.743,0.002,-0.198,0.047,0.018,0.133,-0.005,0.0,0.0,0.0,0.089,-0.13,0.388,-0.575,-2.107,0.0,0.0,-700.475,278.258,-68.935,0.003,0.692,0.686,146.6,436.2,147.8,0.796,-27.0,36.0,63.0,1.0,353.0,1.844,1.101,0.0,0.0,2.0,1.0,0.871,0.843,164.0,0.461,1.161,-0.631,0.0,4.5,1.0,0.777,0.757,353.0,1.844,1.101,0.0,0.0,2.0,1.0,0.871,0.843,295.0,-2.303,0.624,-0.6,0.0,2.0,0.0,0.907,0.912,446.0,-4.523,0.841,-2.49,0.001,-9.044,0.903,5.5,1.1,0.0
W407R,9.17830753326,-3,8.816,4.848,-1.351,7.083,-0.019,0.297,0.003,-0.101,0.056,-0.022,0.109,-0.002,0.0,0.0,0.0,0.295,-0.129,-0.442,-0.729,-1.078,0.0,0.0,-703.298,277.777,-70.222,0.003,0.691,0.692,148.9,438.0,148.1,0.736,-26.0,37.0,63.0,1.0,353.0,1.907,1.166,0.0,0.0,2.0,1.0,0.831,0.866,164.0,0.297,1.145,-0.68,0.001,4.7,1.0,0.867,0.853,353.0,1.907,1.166,0.0,0.0,2.0,1.0,0.831,0.866,295.0,-2.205,0.66,-0.583,0.0,2.0,0.0,0.851,0.851,446.0,-5.193,0.798,-3.219,0.002,-10.386,0.904,6.7,1.0,0.0
W409Y,11.89909935,2,0.479,3.088,0.091,-1.116,0.001,0.083,0.002,0.029,-0.061,-0.003,-0.086,-0.001,0.0,0.0,0.0,0.096,-0.248,-0.424,-0.175,-0.798,0.0,0.0,-706.151,280.193,-71.491,0.003,0.694,0.688,145.4,438.5,149.2,0.712,-27.0,36.0,63.0,1.0,353.0,1.93,1.118,0.0,0.0,2.0,1.0,0.854,0.843,164.0,0.195,1.072,-0.692,0.001,4.8,1.0,0.781,0.778,353.0,1.93,1.118,0.0,0.0,2.0,1.0,0.854,0.843,295.0,-2.056,0.726,-0.533,0.0,2.0,0.0,0.84,0.849,446.0,-5.361,0.873,-3.67,0.003,-10.724,0.89,7.6,1.0,1.0
Y166P,10.5845432281,-3,3.736,5.955,3.074,-3.853,-0.026,-0.926,0.433,-0.121,-0.017,0.372,-0.171,-0.001,0.0,0.0,0.0,0.364,0.037,-1.22,0.19,-0.351,0.0,0.0,-703.818,283.316,-71.911,0.003,0.702,0.693,145.9,439.9,148.3,0.743,-27.0,36.0,63.0,1.0,353.0,1.94,1.136,0.0,0.0,2.0,1.0,0.777,0.814,164.0,0.31,1.431,-0.636,0.001,4.5,1.0,0.825,0.791,353.0,1.94,1.136,0.0,0.0,2.0,1.0,0.777,0.814,295.0,-2.114,0.706,-0.548,0.0,2.0,0.0,0.905,0.908,446.0,-5.584,0.897,-3.533,0.001,-11.168,0.903,7.4,1.0,0.0
Y18A,12.7174053192,-2,5.132,12.371,-1.854,-6.121,-0.023,0.705,0.002,0.05,0.113,1.395,0.047,-0.01,0.0,0.0,0.0,-0.392,0.165,-1.602,-0.178,0.461,0.0,0.0,-699.805,280.227,-70.73,0.006,0.688,0.68,144.9,436.3,147.8,0.769,-27.0,36.0,63.0,1.0,353.0,1.947,1.155,0.0,0.0,2.0,1.0,0.896,0.898,164.0,0.27,1.09,-0.673,0.001,4.7,1.0,0.708,0.725,353.0,1.947,1.155,0.0,0.0,2.0,1.0,0.896,0.898,295.0,-2.072,0.725,-0.536,0.0,2.0,0.0,0.841,0.846,446.0,-5.58,0.851,-3.588,0.003,-11.154,0.905,7.6,1.0,1.0
Y294A,8.01982593536,-2,7.231,14.473,-0.833,-6.479,-0.039,1.288,-0.004,-0.178,0.034,-0.052,1.998,0.006,0.0,0.0,0.0,-0.076,-0.205,-3.272,0.109,0.461,0.0,0.0,-704.135,278.966,-70.782,0.004,0.697,0.691,143.2,437.8,147.1,0.882,-27.0,36.0,63.0,1.0,353.0,1.976,1.118,0.0,0.0,2.0,1.0,0.829,0.839,164.0,0.318,1.095,-0.636,0.0,4.6,1.0,0.838,0.784,353.0,1.976,1.118,0.0,0.0,2.0,1.0,0.829,0.839,295.0,-1.588,0.607,-0.573,0.0,2.0,0.0,0.798,0.791,446.0,-5.629,0.866,-3.637,0.0,-11.257,0.901,7.5,1.0,1.0
Y294F,8.01982593536,3,0.331,2.052,-1.198,-3.519,-0.004,1.244,-0.012,-0.043,-0.071,-0.021,1.971,0.0,0.0,0.0,0.0,-0.344,0.283,-0.86,0.556,0.299,0.0,0.0,-703.518,281.853,-71.161,0.005,0.7,0.693,146.3,437.8,149.1,0.783,-27.0,36.0,63.0,1.0,353.0,1.924,1.144,0.0,0.0,2.0,1.0,0.763,0.801,164.0,0.206,1.106,-0.704,0.0,4.9,1.0,0.812,0.781,353.0,1.924,1.144,0.0,0.0,2.0,1.0,0.763,0.801,295.0,-2.137,0.716,-0.534,0.0,2.0,0.0,0.828,0.888,446.0,-5.528,0.932,-3.636,0.001,-11.057,0.904,7.6,1.0,1.0
