mutant,expression
A236E,0
A249E,0
D121F,0
D403A,0
E222A,0
F343S,0
F405A,0
F415D,0
G12N,0
G355A,0
H119E,0
H315N,0
H379R,0
L171D,0
M261E,0
M323K,0
N163E,0
N163K,0
N163S,0
N220D,0
N220D,0
N220S,0
N293K,0
N293S,0
P329W,0
Q19P,0
Q313E,0
R76A,0
S32L,0
T296E,0
W34A,0
W407A,0
W407G,0
W407K,0
W407Q,0
W407R,0
W407Y,0
W409A,0
Y294L,0
A192S,1
A227W,1
C167A,1
C167Q,1
C167S,1
E154D,1
E164A,1
E164D,1
E177A,1
E177K,1
E177L,1
E222H,1
E222K,1
E222Q,1
E222R,1
E222Y,1
E353A,1
E388C,1
E406A,1
E406D,1
E423S,1
F415A,1
F72A,1
G153A,1
H101R,1
H119A,1
H119N,1
H178A,1
H315R,1
H373R,1
I244E,1
I244M,1
I244N,1
I244V,1
I300N,1
I91E,1
K341A,1
K413A,1
L108N,1
L171A,1
L171E,1
L171R,1
L219A,1
M221A,1
M323A,1
M323G,1
M358T,1
N163A,1
N163C,1
N163D,1
N163S,1
N220A,1
N220E,1
N220H,1
N220K,1
N220Q,1
N220Y,1
N293A,1
N293C,1
N354A,1
N404A,1
Q19A,1
Q19C,1
Q19S,1
Q284R,1
Q313R,1
R240A,1
R240D,1
R240K,1
R240K,1
S14A,1
S16A,1
S17A,1
S17E,1
S298E,1
S298E,1
S331A,1
S400A,1
T175R,1
T218A,1
T296A,1
T352A,1
V147S,1
V311A,1
V52G,1
W120A,1
W120F,1
W120H,1
W325A,1
W325C,1
W325E,1
W325H,1
W325L,1
W325R,1
W399A,1
W399C,1
W399G,1
W399S,1
Y166F,1
Y166P,1
Y18A,1
Y294A,1
Y294F,1
Y295A,1
Y295G,1
