,total_score,fa_rep,hbond_sc,tot_pstat_pm,tot_nlpstat_pm,tot_burunsat_pm,tot_hbond_pm,tot_NLconts_pm,tot_nlsurfaceE_pm,tot_total_charge,tot_total_pos_charges,tot_total_neg_charges,tot_seq_recovery,SR_1_total_score,SR_1_fa_rep,SR_1_hbond_sc,SR_1_hbond_pm,SR_1_burunsat_pm,SR_1_pstat_pm,SR_1_nlpstat_pm,SR_2_total_score,SR_2_fa_rep,SR_2_hbond_sc,SR_2_all_cst,SR_2_hbond_pm,SR_2_burunsat_pm,SR_2_pstat_pm,SR_2_nlpstat_pm,SR_3_total_score,SR_3_fa_rep,SR_3_hbond_sc,SR_3_hbond_pm,SR_3_burunsat_pm,SR_3_pstat_pm,SR_3_nlpstat_pm,SR_4_total_score,SR_4_fa_rep,SR_4_hbond_sc,SR_4_hbond_pm,SR_4_burunsat_pm,SR_4_pstat_pm,SR_4_nlpstat_pm,SR_5_total_score,SR_5_fa_rep,SR_5_hbond_sc,SR_5_all_cst,SR_5_interf_E_1_2,SR_5_dsasa_1_2,SR_5_hbond_pm,SR_5_burunsat_pm,distance,kcat
0,-0.171719291993,-0.153413538022,-2.07852391519,-0.419199480381,0.489604156657,-1.28455138059,1.56602177792,0.712978746196,0.156735507331,-0.163846384104,-0.170597798484,0.0943508195584,0.0,0.439848438936,0.156045927688,0.0,0.0,0.122169444356,-1.24882087217,-1.25380351245,-0.203334062986,0.176225798036,-0.232347403674,-0.569802882298,0.13810709425,0.0,-0.379412807505,-1.16888953417,0.439848438936,0.156045927688,0.0,0.0,0.122169444356,-1.24882087217,-1.25380351245,-0.201136071937,0.0261249057201,-0.698549978425,-0.122169444356,-0.366843019136,-2.52013147091,-2.2081651662,-0.117709057785,0.101867116559,-0.0254253213367,-1.11920028929,-0.120965240046,-0.230653005402,0.06528207506,0.249738453419,0.704727042976,0.930228452973
1,-0.199710590843,-0.156112960198,-0.87302166188,0.547090847277,0.489604156657,-0.387125073601,0.214632426415,0.368520097945,-1.24154627819,-0.163846384104,-0.170597798484,0.0943508195584,0.0,0.367281450223,0.339788318732,0.0,0.0,0.122169444356,-0.640274935766,-0.369639850337,-0.31162244278,-0.115214863666,-0.274479732874,-0.569802882298,0.13810709425,0.0,0.223975947656,-0.13962422554,0.367281450223,0.339788318732,0.0,0.0,0.122169444356,-0.640274935766,-0.369639850337,0.0581483430719,0.385921075637,0.546446354091,-0.122169444356,-0.366843019136,-0.0687877076428,0.366110717659,-0.0369838389471,-0.161182146455,-0.199144741761,-0.282874798392,-0.0387088768149,-0.780982983205,0.06528207506,0.249738453419,-0.952544723124,0.567303558594
2,-0.111101018887,-0.105095389135,0.797407527538,0.547090847277,1.04915176427,1.20829947215,-0.190784379036,0.626864084134,-0.0607749926386,-0.163846384104,-0.170597798484,0.0943508195584,0.0,-0.322104942544,0.538842575696,0.0,0.0,0.122169444356,2.26414885164,2.25127386235,2.67485708415,3.05634527839,1.32654877671,3.30485671733,-0.532698792109,0.0,-1.46135126504,-1.0428570474,-0.322104942544,0.538842575696,0.0,0.0,0.122169444356,2.26414885164,2.25127386235,-0.436849176491,-0.0638241367592,-0.698549978425,-0.122169444356,-0.366843019136,1.53208985204,1.86505616902,0.556036037898,1.3995768141,1.29401503856,0.553450692507,0.554157741194,-0.230653005402,-0.635641257163,0.249738453419,-0.952544723124,0.594434945298
3,-0.166211018863,-0.147501954263,-0.76092465357,0.0639456834479,0.209830352853,-0.0381259542183,0.417340829141,1.14355205651,-1.87854131381,-0.163846384104,-0.170597798484,0.0943508195584,0.0,0.500320929529,0.462283246094,0.0,0.0,0.122169444356,-1.58075501931,-0.527526218571,-0.414211434163,0.519097164745,-0.400876720472,3.30485671733,0.47351003743,0.0,-2.14796605539,-1.10587329078,0.500320929529,0.462283246094,0.0,0.0,0.122169444356,-1.58075501931,-0.527526218571,-0.0538153815911,-0.0413368761394,-0.123936286495,-0.122169444356,-0.366843019136,0.381459106019,0.203181864251,-0.356779898188,-0.406694791935,-0.335638572095,2.22610167431,-0.356870281767,-0.230653005402,0.298923185801,0.249738453419,2.98434753977,0.890447311431
4,-0.168828812034,-0.152176931216,0.586077102034,0.788663429191,1.88847317568,-0.536696124765,-0.190784379036,0.626864084134,-0.8531346711,1.22884788078,-0.170597798484,-2.0442677571,0.0,0.0891079934924,0.554154441616,0.0,0.0,0.122169444356,0.410849863484,0.419791990835,-0.471205318264,0.364805049726,-0.537806790371,-0.569802882298,0.47351003743,0.0,0.473654053241,-0.412694613544,0.0891079934924,0.554154441616,0.0,0.0,0.122169444356,0.410849863484,0.419791990835,0.0227913773888,0.633280942455,0.259139508126,-0.122169444356,-0.366843019136,0.231376834798,0.854897277885,-0.130128322221,0.277233291902,-0.257051215236,-0.282874798392,-0.130277281167,-0.230653005402,0.298923185801,0.249738453419,0.067134950405,0.952313929509
5,-0.185980811037,-0.161134790279,1.04273458671,1.51338117493,1.04915176427,-0.137839988328,-0.798909587212,-0.320397198557,1.58609022142,2.62154214566,2.1495322609,-2.0442677571,0.0,-0.189065463238,-0.471740575045,0.0,0.0,0.122169444356,-0.640274935766,-0.84329895504,0.66867236377,0.381948618062,0.715630003316,1.36752691752,-0.868101735288,0.0,1.49317298438,1.16271147109,-0.189065463238,-0.471740575045,0.0,0.0,0.122169444356,-0.640274935766,-0.84329895504,-0.430956348877,0.0261249057201,0.259139508126,-0.122169444356,-0.366843019136,-0.0187602839026,-0.38336200802,0.0747895409819,0.189550204231,0.566047943443,1.38977618341,0.0761396303387,-0.230653005402,-0.635641257163,0.249738453419,0.067134950405,0.645839563776
6,-0.175182414209,-0.155660543074,0.262649668219,2.23809892068,1.04915176427,0.161302114,-0.528631716911,0.110176111757,1.39965265001,1.22884788078,-0.170597798484,-2.0442677571,0.0,-0.201159961357,-0.0276964633559,0.0,0.0,0.122169444356,0.604478115978,-0.969608049627,-0.368616326881,0.176225798036,-0.379810555872,-0.569802882298,0.47351003743,0.0,0.140749912462,-0.727775830471,-0.201159961357,-0.0276964633559,0.0,0.0,0.122169444356,0.604478115978,-0.969608049627,0.0817196535272,0.385921075637,-0.0281673378397,-0.122169444356,-0.366843019136,-1.01930875871,-0.93732010961,-0.319522104878,0.329843144505,-0.501085639166,-1.11920028929,-0.316518103578,-0.230653005402,0.298923185801,0.249738453419,0.067134950405,0.746262820599
7,-0.15647610051,-0.183046859671,0.969228351752,0.0639456834479,-0.069943450951,-0.337268056546,-1.00161798994,-1.18154381918,-0.402577206877,1.22884788078,-0.170597798484,-2.0442677571,0.0,0.621265910717,0.584778173457,0.0,0.0,0.122169444356,-0.861564367187,-1.34853533339,-0.807469234464,-0.0809277269952,-1.01179549387,1.36752691752,1.14431592379,0.0,0.473654053241,0.637576109547,0.621265910717,0.584778173457,0.0,0.0,0.122169444356,-0.861564367187,-1.34853533339,-0.195243244323,0.408408336257,1.50413584064,-0.122169444356,-0.366843019136,0.131321987318,0.268353405614,-0.412666588153,0.189550204231,-0.889886246783,3.06242716521,-0.414294535344,-0.0930705109519,0.766205407283,0.249738453419,-0.239581680996,-0.324295877455
8,-0.162038910998,-0.150005329019,1.80811825821,-0.177626898466,1.04915176427,1.8065836768,-1.20432639266,1.31578138064,0.420855400151,1.22884788078,-0.170597798484,-2.0442677571,0.0,0.597076914479,0.615401905298,0.0,0.0,0.122169444356,-0.501969041128,0.861873821891,0.788359520383,-0.732383323742,0.136310476822,-0.569802882298,-0.197295848929,0.0,0.057523877267,-0.202640468926,0.597076914479,0.615401905298,0.0,0.0,0.122169444356,-0.501969041128,0.861873821891,-1.35613028425,0.273484772538,0.642215302746,-0.122169444356,3.14658307963,-1.71969269107,-2.07782208347,0.139990679274,0.592892407519,0.177247335825,0.553450692507,0.139771911329,1.1451719391,-0.168359035681,0.249738453419,-0.239581680996,-0.0174610601772
9,-0.202587436463,-0.170575227608,-0.702119665603,-1.62706238995,-2.02836007758,1.10858543804,0.417340829141,0.971322732385,-0.0918479212057,2.62154214566,2.1495322609,-2.0442677571,0.0,1.62510925457,1.5953613242,0.0,0.0,0.122169444356,-2.99147514462,-2.32743081644,-1.17223009272,-0.25236341035,-1.54898269116,-0.569802882298,1.47971886697,0.0,-0.733123457083,-2.09312777049,1.62510925457,1.5953613242,0.0,0.0,0.122169444356,-2.99147514462,-2.32743081644,0.0993981363688,1.21794971857,-1.84777736229,-0.122169444356,3.14658307963,-0.869226487486,0.138010322887,-3.25978296023,0.259696674368,-2.68085074783,-1.11920028929,-3.26222711138,3.82803058089,3.33625762544,0.249738453419,-0.239581680996,-0.227065971733
10,-0.171746560672,-0.173365133209,1.00414381336,0.788663429191,-0.909264862363,0.610015267493,-0.325923314186,-0.148167874432,-0.0607749926386,1.22884788078,-0.170597798484,-2.0442677571,0.0,0.391470446461,0.324476452812,0.0,0.0,0.122169444356,-0.336001967562,0.198751075307,-0.106444460013,-0.938106143767,-0.421942885072,1.36752691752,0.13810709425,0.0,-0.254573754713,0.490538208314,0.391470446461,0.324476452812,0.0,0.0,0.122169444356,-0.336001967562,0.198751075307,-0.271850003303,0.430895596877,0.929522148711,-0.122169444356,-0.366843019136,-1.51958299611,-1.16542050438,0.0157980349083,0.242160056834,-0.145374444963,1.38977618341,0.0140593562016,1.00758944465,0.06528207506,0.249738453419,-0.239581680996,0.744668535285
11,-0.18640347556,-0.153790552293,-1.104566302,-0.90234464421,0.209830352853,1.35787052331,0.620049231866,-0.234282536494,0.156735507331,2.62154214566,2.1495322609,-2.0442677571,0.0,0.536604423885,0.324476452812,0.0,0.0,0.122169444356,-0.916886725043,-0.559103492218,-0.801769846054,-1.46955676217,-0.769534600968,-0.569802882298,0.47351003743,0.0,2.30462682752,1.75086307602,0.536604423885,0.324476452812,0.0,0.0,0.122169444356,-0.916886725043,-0.559103492218,-0.0420297263634,-0.243722221718,-0.985856824391,-0.122169444356,3.14658307963,0.406472817889,-0.220433154612,-3.01450248761,3.17077518506,-2.75116575133,-0.282874798392,-3.01545802169,3.07132686141,2.63533429321,0.249738453419,-0.239581680996,-0.730736052223
12,-0.152385798681,-0.137729744376,1.46723309359,0.547090847277,0.769377960461,2.95329506906,-1.06918745751,0.626864084134,0.187808435898,1.22884788078,-0.170597798484,-2.0442677571,0.0,-0.406766429376,-0.104255792957,0.0,0.0,0.122169444356,-0.142373715069,0.293482896247,1.5235806253,-0.766670460413,1.02108939001,-0.569802882298,-1.20350467847,0.0,1.1394623348,0.259478649234,-0.406766429376,-0.104255792957,0.0,0.0,0.122169444356,-0.142373715069,0.293482896247,-0.920061040826,1.57774588849,-1.65623946498,-0.122169444356,3.14658307963,-1.91980238603,-3.31608136938,0.98139584485,1.4521866667,1.12029561813,0.553450692507,0.979407619032,1.55791942246,-0.869282367904,0.249738453419,-0.239581680996,-1.39881956062
13,-0.159571095561,-0.179276716968,1.75758272167,0.547090847277,1.32892556807,-1.68340751702,-0.325923314186,-1.52600246744,-0.697770028264,-0.163846384104,-0.170597798484,0.0943508195584,0.0,-1.48317676194,-0.257374452161,0.0,0.0,0.122169444356,2.125842957,1.43026474753,0.292512728698,0.330517913055,0.0204465715233,1.36752691752,0.13810709425,0.0,0.057523877267,0.301489478158,-1.48317676194,-0.257374452161,0.0,0.0,0.122169444356,2.125842957,1.43026474753,-0.377920900352,-0.805903737213,-0.123936286495,-0.122169444356,-0.366843019136,-0.769171640006,-0.774391256201,2.58348095716,-1.73947772454,2.20397390745,0.553450692507,2.58107869177,-0.161861758177,-2.27112903235,0.249738453419,-0.960234568967,-0.770256947461
14,7.55366104122,7.45036107196,-0.531217669326,0.788663429191,1.32892556807,-0.0381259542183,0.687618699441,-0.234282536494,-0.557941849712,1.22884788078,2.1495322609,0.0943508195584,0.0,0.0044465066613,0.278540855051,0.0,0.0,0.122169444356,1.1300405156,1.77761475765,-0.34011938483,0.31337434472,-0.411409802772,-0.569802882298,0.808912980609,0.0,-0.712316948284,-0.328672955697,0.0044465066613,0.278540855051,0.0,0.0,0.122169444356,1.1300405156,1.77761475765,-0.183457589096,0.340946554397,0.354908456781,-0.122169444356,-0.366843019136,1.00680190277,0.463868029705,-0.425085852589,-0.108572293852,-0.645851822853,0.553450692507,-0.420502562758,-0.230653005402,0.532564296542,0.249738453419,2.53465423068,0.990403489697
15,-0.194093242998,-0.166669359768,0.600778349025,-0.660772062295,-1.18903866617,-0.0879829712729,-0.663770652062,-0.578741184746,-0.309358421175,-0.163846384104,-0.170597798484,0.0943508195584,0.0,-0.128592972645,0.370412050573,0.0,0.0,0.122169444356,-0.584952577911,-1.44326715433,0.719966859461,-0.115214863666,1.57934275191,-0.569802882298,-1.87431056483,0.0,-2.23119209059,-2.07212235603,-0.128592972645,0.370412050573,0.0,0.0,0.122169444356,-0.584952577911,-1.44326715433,-0.0714938644326,1.39784780353,0.16337055947,-0.122169444356,-0.366843019136,-1.29445958928,-2.01265054211,0.698857578918,0.873478288068,1.09547855807,-1.11920028929,0.700046385416,-0.368235499853,-1.33656458939,0.249738453419,-0.746301603926,-0.0773648710972
16,-0.196792842205,-0.148753641641,-1.14591355916,1.75495375685,-0.629491058559,1.10858543804,0.349771361565,1.74635469095,-0.589014778279,-0.163846384104,-0.170597798484,0.0943508195584,0.0,0.947817359922,1.31974773763,0.0,0.0,0.122169444356,-0.197696072924,-0.622258039512,0.167126183675,-0.6638090504,1.758405151,-0.569802882298,-1.87431056483,0.0,0.868977720416,0.973662740936,0.947817359922,1.31974773763,0.0,0.0,0.122169444356,-0.197696072924,-0.622258039512,0.223147516259,0.498357378736,-0.0281673378397,-0.122169444356,-0.366843019136,-1.74470640294,-1.52386398188,0.736115372228,-0.0559624412491,1.05825296798,-1.11920028929,0.737294549898,-0.230653005402,-1.33656458939,0.249738453419,-0.746301603926,-2.3543434566
17,-0.184631011434,-0.18153880259,-0.489870412162,0.063945683448,-1.18903866617,-1.53383646586,0.484910296716,-1.95657577775,-1.41244738531,-0.163846384104,-0.170597798484,0.0943508195584,0.0,-0.418860927494,0.0641747321661,0.0,0.0,0.122169444356,1.29600758917,1.11449201107,-0.915757614258,-0.183789137008,-0.685269942569,-0.569802882298,1.14431592379,0.0,0.244782456455,-0.223645883388,-0.418860927494,0.0641747321661,0.0,0.0,0.122169444356,1.29600758917,1.11449201107,-0.560598556381,0.138561208819,-0.123936286495,-0.122169444356,-0.366843019136,-0.218869978863,-1.1328347337,-0.664156692993,-0.546987732209,-1.10910361065,-1.11920028929,-0.667271652452,-0.987356724881,0.766205407283,0.249738453419,-0.291633315311,-0.202931172696
18,0.484446927423,-0.111957048856,-1.104566302,0.305518265362,0.769377960461,-0.835838227093,2.10657751852,1.48801070476,2.47166868558,1.22884788078,2.1495322609,0.0943508195584,0.0,0.911533865566,0.829768028182,0.0,0.0,0.122169444356,-0.280679609707,-1.2222262388,-0.488303483495,0.707676416435,-0.62207144877,1.36752691752,0.808912980609,0.0,0.0783303860656,-0.433700028006,0.911533865566,0.829768028182,0.0,0.0,0.122169444356,-0.280679609707,-1.2222262388,-0.148100623413,0.363433815017,0.0676016108153,-0.122169444356,-0.366843019136,0.831705919681,0.203181864251,-0.453029197571,-0.126108911386,-0.592081526055,-0.282874798392,-0.446886679266,-0.161861758177,0.532564296542,0.249738453419,1.03821238308,0.774928627836
19,-0.14070116979,-0.152493623203,-0.713145600847,0.0639456834479,-0.349717254755,0.460444216329,1.29574390762,1.57412536682,2.59596039985,1.22884788078,2.1495322609,0.0943508195584,0.0,0.536604423885,0.140734061768,0.0,0.0,0.122169444356,0.770445189543,0.388214717188,-0.425610210983,-0.406655525369,-0.169148909875,-0.569802882298,-0.197295848929,0.0,0.95220375561,1.16271147109,0.536604423885,0.140734061768,0.0,0.0,0.122169444356,0.770445189543,0.388214717188,-0.395599383194,3.15185413187,-0.21970523515,8.18535277187,-0.366843019136,-0.869226487486,-0.611462402792,-0.130128322221,0.277233291902,-0.0916041481651,-1.11920028929,-0.13182928802,-0.368235499853,-0.168359035681,0.249738453419,0.578734479694,-2.3543434566
20,-0.160143737817,-0.161270515416,-0.77286941675,-0.177626898466,-0.349717254755,0.759586318657,1.29574390762,-0.837085170934,-0.992962849652,-1.55654064899,-0.170597798484,2.23296939621,0.0,0.149580484086,0.600090039377,0.0,0.0,0.122169444356,0.217221610991,0.261905622601,-0.408512045752,-0.578091208723,-0.790600765568,1.36752691752,0.808912980609,0.0,0.681719141228,0.679586938471,0.149580484086,0.600090039377,0.0,0.0,0.122169444356,0.217221610991,0.261905622601,0.199576205804,-0.0188496155196,0.737984251401,-0.122169444356,2.79524046975,0.68162364846,0.300939176296,0.0313221154539,0.207086821765,-0.579672996025,0.553450692507,0.0326834384427,1.21396318633,0.532564296542,0.249738453419,0.0646994736215,0.586976249725
21,-0.182176830336,-0.168614753403,-1.18266667664,0.305518265362,-0.069943450951,-0.536696124765,1.90386911579,0.110176111757,0.405318935868,-0.163846384104,-0.170597798484,0.0943508195584,0.0,0.0044465066613,0.370412050573,0.0,0.0,0.122169444356,0.134238074208,0.482946538129,0.577482149207,-0.406655525369,-0.137549662975,-0.569802882298,0.13810709425,0.0,-0.649897421888,-0.0135917387694,0.0044465066613,0.370412050573,0.0,0.0,0.122169444356,0.134238074208,0.482946538129,-0.342563934669,0.0486121663399,0.929522148711,-0.122169444356,-0.366843019136,1.28195273334,0.822311507204,0.615027543972,0.891014905602,0.317877342836,-0.282874798392,0.613134001624,-0.230653005402,0.06528207506,0.249738453419,0.0646994736215,0.263552409214
22,2.95820693628,3.27314852056,-0.588185001419,0.0639456834479,-0.909264862363,0.26101614811,1.29574390762,0.712978746196,1.11999629291,-0.163846384104,-0.170597798484,0.0943508195584,0.0,0.343092453986,0.0335510003254,0.0,0.0,0.122169444356,0.217221610991,0.198751075307,0.264015786648,-0.0637841586598,0.0415127361231,1.36752691752,-0.197295848929,0.0,-0.400219316304,-0.706770416009,0.343092453986,0.0335510003254,0.0,0.0,0.122169444356,0.217221610991,0.198751075307,-0.336671107056,0.00363764510027,0.450677405436,-0.122169444356,-0.0155004092593,1.03181561464,0.75713996584,0.422528945205,-0.143645528921,0.59500118018,0.553450692507,0.417581138092,0.3196769724,-0.168359035681,0.249738453419,1.55622441162,0.764262511483
23,-0.160334618569,-0.149311622761,-0.464143229927,-0.419199480381,1.32892556807,-0.58655314182,0.28220189399,-0.837085170934,-1.58334849243,-1.55654064899,-0.170597798484,2.23296939621,0.0,-0.346293938782,0.0947984640067,0.0,0.0,0.122169444356,-0.723258472549,0.830296548244,0.104432911163,0.879112099789,-0.337678226673,-0.569802882298,0.47351003743,0.0,-1.83586842341,-2.13513859941,-0.346293938782,0.0947984640067,0.0,0.0,0.122169444356,-0.723258472549,0.830296548244,-0.372028072739,0.00363764510027,0.16337055947,-0.122169444356,-0.366843019136,-0.443993385694,0.887483048567,-0.263635414914,-0.319011704263,-0.232234155176,0.553450692507,-0.262197863708,-0.161861758177,0.298923185801,0.249738453419,3.01145390024,0.870647801555
24,-0.182858547308,-0.161481643408,0.0265108884168,-0.177626898466,1.60869937187,-0.48683910771,-0.461062249336,-0.40651186062,-0.107384385489,-1.55654064899,-2.49072785786,0.0943508195584,0.0,-0.346293938782,-0.24206258624,0.0,0.0,0.122169444356,1.07471815775,1.14606928471,-0.191935286166,0.399092186397,-0.0532850045759,-0.569802882298,0.47351003743,0.0,-0.753929965882,0.280484063696,-0.346293938782,-0.24206258624,0.0,0.0,0.122169444356,1.07471815775,1.14606928471,-0.478098969788,0.0935866875795,-0.0281673378397,-0.122169444356,-0.366843019136,-0.0687877076428,0.920068819249,-0.369199162625,0.259696674368,-0.422498282307,1.38977618341,-0.373942357155,-0.0930705109519,0.298923185801,0.249738453419,2.14692463492,0.98381647529
25,-0.161166313274,-0.164995416407,-0.085586119894,-1.14391722612,-2.30813388138,0.310873165164,-0.731340119637,0.540749422071,0.0169073287792,-1.55654064899,-2.49072785786,0.0943508195584,0.0,0.439848438936,0.24791712321,0.0,0.0,0.122169444356,0.493833400267,0.703987453657,0.3495066128,0.639102143093,0.0415127361231,-0.569802882298,-0.197295848929,0.0,0.64010612363,0.32249489262,0.439848438936,0.24791712321,0.0,0.0,0.122169444356,0.493833400267,0.703987453657,-0.15988627864,0.340946554397,1.5999047893,-0.122169444356,-0.366843019136,0.4815139535,0.691968424477,0.171038840365,1.06638108094,0.309604989482,-1.11920028929,0.172364055251,-0.0930705109519,-0.168359035681,0.249738453419,-0.200147185473,0.863668322464
26,-0.158712132177,-0.167468630021,-0.34193911431,1.75495375685,-0.069943450951,0.510301233383,0.349771361565,-1.00931449506,-0.433650135444,-0.163846384104,-0.170597798484,0.0943508195584,0.0,0.101202491611,-0.0889439270372,0.0,0.0,0.122169444356,0.521494579195,0.577678359069,-0.465505929854,1.01626064647,-0.674736860269,1.36752691752,0.808912980609,0.0,0.80655819402,1.03667898432,0.101202491611,-0.0889439270372,0.0,0.0,0.122169444356,0.521494579195,0.577678359069,0.0345770326165,0.385921075637,1.12106004602,-0.122169444356,-0.366843019136,0.731651072201,0.75713996584,-0.657947060774,0.277233291902,-0.53417505258,1.38977618341,-0.662615631892,-0.987356724881,0.532564296542,0.249738453419,-0.167003665305,0.845478903813
27,-0.203037369664,-0.172068204119,-0.824323781221,-0.90234464421,-0.629491058559,-0.0879829712729,2.03900805094,0.885208070322,0.80926700724,1.22884788078,2.1495322609,0.0943508195584,0.0,-0.297915946307,-0.24206258624,0.0,0.0,0.122169444356,-0.253018430779,-0.527526218571,-0.602291251698,-0.578091208723,-0.0848842514756,-0.569802882298,-0.197295848929,0.0,1.24349487879,0.868635668627,-0.297915946307,-0.24206258624,0.0,0.0,0.122169444356,-0.253018430779,-0.527526218571,-0.572384211609,-0.176260439858,-0.60278102977,-0.122169444356,-0.366843019136,-0.819199063746,-0.253018925293,-2.40595853022,1.13652755108,-0.592081526055,-1.11920028929,-2.40707133514,1.97066690581,1.93441096099,0.249738453419,-0.167003665305,0.475170564692
28,-0.120249660644,-0.15670110246,-0.256488116171,-1.38548980804,-1.46881246997,-0.885695244148,0.552479764291,-0.750970508871,0.420855400151,-0.163846384104,-0.170597798484,0.0943508195584,0.0,-0.189065463238,-0.0123845974356,0.0,0.0,0.122169444356,-2.32760685035,-1.72746261715,0.366604778031,0.210512934707,-0.232347403674,1.36752691752,-0.197295848929,0.0,0.515267070838,-0.0976133966167,-0.189065463238,-0.0123845974356,0.0,0.0,0.122169444356,-2.32760685035,-1.72746261715,-0.448634831719,0.430895596877,0.259139508126,-0.122169444356,-0.366843019136,-1.36950072489,-0.0900900718848,0.267288139748,0.399989614642,0.359239109604,0.553450692507,0.270140487017,-0.161861758177,-0.168359035681,0.249738453419,-0.697168465309,0.0988655983963
29,-0.15050425984,-0.15873697952,-1.3756205434,0.305518265362,0.769377960461,-0.985409278257,0.349771361565,2.17692800126,0.0479802573463,-0.163846384104,-0.170597798484,0.0943508195584,0.0,0.645454906954,0.982886687385,0.0,0.0,0.122169444356,-0.418985504345,0.67241018001,-1.81056159465,-0.800957597084,-1.54898269116,-0.569802882298,1.14431592379,0.0,0.764945176422,0.973662740936,0.645454906954,0.982886687385,0.0,0.0,0.122169444356,-0.418985504345,0.67241018001,-0.124529312957,0.295972033158,0.354908456781,-0.122169444356,-0.366843019136,-0.0938014195129,0.887483048567,-0.760405992376,-0.63467081988,-0.956065073612,-0.282874798392,-0.757288049951,-0.230653005402,0.766205407283,0.249738453419,-0.555822937904,0.638096588694
30,-0.175986840235,-0.177708337603,0.0329426839756,0.547090847277,1.04915176427,-0.48683910771,0.28220189399,-1.00931449506,-0.526868921145,-0.163846384104,-0.170597798484,0.0943508195584,0.0,-0.830073863531,-0.961720284496,0.0,0.0,0.122169444356,-0.723258472549,-0.33806257669,0.115831687983,0.12479509303,0.0415127361231,1.36752691752,-0.197295848929,0.0,0.432041035643,0.532549037238,-0.830073863531,-0.961720284496,0.0,0.0,0.122169444356,-0.723258472549,-0.33806257669,-0.100958002502,-1.18818716775,0.0676016108153,-0.122169444356,-0.366843019136,1.45704871643,0.822311507204,0.289021852512,1.5574063719,0.259970869361,0.553450692507,0.293420589818,-0.437026747078,-0.168359035681,-3.66923420024,-0.117712661023,0.492101765798
31,-0.177868379076,-0.156429652185,-0.473331509297,1.03023601111,1.32892556807,0.111445096946,1.09303550489,-0.234282536494,-1.05510870679,-0.163846384104,-0.170597798484,0.0943508195584,0.0,0.149580484086,0.125422195847,0.0,0.0,0.122169444356,-1.2764820511,-2.7695126475,-0.140640790474,0.690532848099,-0.443009049672,1.36752691752,0.47351003743,0.0,-0.0673151755252,0.301489478158,0.149580484086,0.125422195847,0.0,0.0,0.122169444356,-1.2764820511,-2.7695126475,-0.106850830116,0.408408336257,-0.123936286495,-0.122169444356,-0.366843019136,0.231376834798,-0.415947778702,-0.158071667203,-0.00335258864626,-0.414225928954,-0.282874798392,-0.161317418235,-0.161861758177,0.298923185801,0.249738453419,0.434908096342,0.517143363286
32,-0.195702095051,-0.175838346822,0.690823486849,-0.419199480381,0.489604156657,-1.18483734648,-0.663770652062,-1.26765848125,-1.07064517107,-0.163846384104,-0.170597798484,0.0943508195584,0.0,0.512415427648,0.0182391344051,0.0,0.0,0.122169444356,-0.640274935766,-0.559103492218,1.68316350078,-0.783814028748,1.72680590411,-0.569802882298,-1.87431056483,0.0,-0.0257021579278,-0.118618811079,0.512415427648,0.0182391344051,0.0,0.0,0.122169444356,-0.640274935766,-0.559103492218,-0.354349589897,-0.0638241367592,-0.507012081115,-0.122169444356,-0.366843019136,-1.16939102993,-0.611462402792,0.257973691421,0.382452997108,1.07479767469,-1.11920028929,0.257724432189,-0.230653005402,-1.33656458939,0.249738453419,-0.970758305291,-1.6862599482
33,-0.188325917419,-0.161572126833,0.769842689428,-0.90234464421,0.769377960461,-1.53383646586,-0.934048522362,-0.0620532123688,-1.10171809964,-0.163846384104,-0.170597798484,0.0943508195584,0.0,0.935722861804,0.462283246094,0.0,0.0,0.122169444356,0.134238074208,-1.03276259692,1.1873167091,-0.406655525369,1.9164013855,-0.569802882298,-1.87431056483,0.0,-0.712316948284,-1.12687870525,0.935722861804,0.462283246094,0.0,0.0,0.122169444356,0.134238074208,-1.03276259692,-0.336671107056,-0.131285918619,-1.08162577305,-0.122169444356,-0.366843019136,-0.0938014195129,-0.38336200802,0.00337877047171,-0.196255381523,1.13270414816,-1.11920028929,0.00164330137422,-0.230653005402,-1.33656458939,0.249738453419,-0.970758305291,-0.986486640362
34,-0.207168574512,-0.162115027382,0.604453660773,0.547090847277,-0.069943450951,0.659872284547,0.484910296716,1.74635469095,-0.884207599667,-1.55654064899,-0.170597798484,2.23296939621,0.0,-0.7454123767,0.0488628662457,0.0,0.0,0.122169444356,0.0235933584971,-1.2853807861,2.9256301742,1.2734141715,1.60040891651,-0.569802882298,-1.20350467847,0.0,0.432041035643,0.700592352932,-0.7454123767,0.0488628662457,0.0,0.0,0.122169444356,0.0235933584971,-1.2853807861,-0.0714938644326,0.0486121663399,0.259139508126,-0.122169444356,-0.366843019136,0.881733343421,-0.0575043012031,2.10223446025,0.610429025054,3.40760132039,-1.11920028929,2.09840456035,-0.161861758177,-3.6729756968,0.249738453419,-0.970758305291,-1.39881956062
35,-0.164343114362,-0.151618950096,0.388529095584,0.0639456834479,-0.069943450951,-0.985409278257,-0.461062249336,-0.492626522683,0.653902364405,-0.163846384104,-0.170597798484,0.0943508195584,0.0,0.560793420123,0.24791712321,0.0,0.0,0.122169444356,-1.11051497754,0.198751075307,2.50387543184,-0.166645568672,3.87555469328,-0.569802882298,-3.55132528072,0.0,-0.4626388427,-0.93782997509,0.560793420123,0.24791712321,0.0,0.0,0.122169444356,-1.11051497754,0.198751075307,-0.483991797402,0.116073948199,-0.507012081115,-0.122169444356,-0.366843019136,1.00680190277,0.952654589931,0.124466598728,-0.862646847826,0.413009406402,-0.282874798392,0.121147829088,-1.05614797211,-0.168359035681,0.249738453419,-1.16267420258,0.477810609887
36,-0.19262073434,-0.153428618593,0.496950792147,0.305518265362,1.04915176427,1.2581564892,-0.461062249336,-0.0620532123688,1.27536093575,-0.163846384104,-0.170597798484,0.0943508195584,0.0,-0.394671931257,1.09006974883,0.0,0.0,0.122169444356,0.964073442037,0.988182916479,0.605979091258,-1.64099244552,3.49636373049,1.36752691752,-3.21592233755,0.0,-0.525058369096,-0.853808317242,-0.394671931257,1.09006974883,0.0,0.0,0.122169444356,0.964073442037,0.988182916479,-1.98666283893,1.24043697919,0.737984251401,-0.122169444356,3.14658307963,1.08184303838,0.463868029705,-1.06467797107,-0.371621556866,0.0945238022899,1.38977618341,-1.06303340008,0.801215702977,0.06528207506,0.249738453419,-1.16267420258,-0.157710193839
37,-0.234750843179,-0.197207515665,-0.0332129274865,2.47967150259,-0.069943450951,-1.28455138059,-0.663770652062,0.712978746196,-0.0297020640715,-0.163846384104,-0.170597798484,0.0943508195584,0.0,-3.34572947223,-5.92276484268,0.0,0.0,0.122169444356,1.6279417363,0.325060169894,-2.69966618664,-4.33253267418,-0.221814321374,-0.569802882298,0.13810709425,0.0,-1.29489919465,-0.580737929239,-3.34572947223,-5.92276484268,0.0,0.0,0.122169444356,1.6279417363,0.325060169894,0.0640411706857,0.610793681835,-0.79431892708,-0.122169444356,-0.366843019136,-0.318924826344,-0.18784738393,-0.679680773538,1.5047965193,-0.228097978499,1.38977618341,-0.67968770728,-0.0930705109519,0.06528207506,0.249738453419,-1.28336403722,-1.3561337419
38,-0.148240959494,-0.156444732756,0.46571064229,-1.14391722612,-0.909264862363,-0.337268056546,-0.393492781761,-0.40651186062,0.32763661445,-0.163846384104,-0.170597798484,0.0943508195584,0.0,3.71745742911,0.171357793608,0.0,0.0,0.122169444356,0.881089905254,0.76714200095,-1.01264721723,0.159082229701,-0.780067683268,-0.569802882298,0.808912980609,0.0,-0.233767245915,0.049424504616,3.71745742911,0.171357793608,0.0,0.0,0.122169444356,0.881089905254,0.76714200095,-0.377920900352,-0.176260439858,-0.0281673378397,-0.122169444356,-0.366843019136,0.806692207811,0.920068819249,-0.533754416409,0.0492572639566,-0.728575356389,0.553450692507,-0.532247056204,-0.230653005402,0.532564296542,0.249738453419,-0.996394073133,-2.1381137637
39,-0.170178611638,-0.164814449558,-0.627694602708,0.063945683448,-0.069943450951,-0.237554022437,-0.528631716911,0.540749422071,0.218881364465,-0.163846384104,-0.170597798484,0.0943508195584,0.0,0.0407300010175,0.140734061768,0.0,0.0,0.122169444356,1.48963584166,1.17764655836,-0.573794309647,0.759107121441,-0.64313761337,-0.569802882298,0.808912980609,0.0,1.97172268675,1.2677385434,0.0407300010175,0.140734061768,0.0,0.0,0.122169444356,1.48963584166,1.17764655836,-0.554705728768,-0.131285918619,0.16337055947,-0.122169444356,-0.366843019136,0.356445394149,-0.38336200802,-0.505811071427,-0.336548321798,-0.575536819348,-0.282874798392,-0.507414946549,-0.161861758177,0.532564296542,0.249738453419,-0.329549531609,-1.98469635506
40,-0.201210368181,-0.147079698281,-1.20563737506,0.305518265362,-0.069943450951,-0.48683910771,1.76873018064,0.540749422071,0.918022257225,1.22884788078,2.1495322609,0.0943508195584,0.0,-0.273726950069,-0.0123845974356,0.0,0.0,0.122169444356,-0.280679609707,-0.117021661162,0.0588378038815,-0.115214863666,0.452302945819,-0.569802882298,-0.532698792109,0.0,-0.483445351499,-0.286662126773,-0.273726950069,-0.0123845974356,0.0,0.0,0.122169444356,-0.280679609707,-0.117021661162,-0.407385038422,-0.086311397379,-0.21970523515,-0.122169444356,-0.366843019136,-0.469007097564,-0.18784738393,0.0468461959996,-0.529451114675,0.408873229725,0.553450692507,0.0466515001236,-0.230653005402,-0.402000146422,0.249738453419,1.10360683831,0.761175451979
41,-0.16821526676,-0.179804536946,0.939825857768,-2.3517801357,-1.18903866617,0.759586318657,-1.60974319811,0.885208070322,0.0169073287792,-1.55654064899,-2.49072785786,0.0943508195584,0.0,0.488226431411,0.431659514254,0.0,0.0,0.122169444356,-0.640274935766,-0.685412586806,0.246917621417,-0.406655525369,-0.411409802772,-0.569802882298,0.13810709425,0.0,-1.41973824744,-0.517721685853,0.488226431411,0.431659514254,0.0,0.0,0.122169444356,-0.640274935766,-0.685412586806,-0.11274365773,-0.311184003577,-0.41124313246,-0.122169444356,0.687184810494,0.4815139535,-1.03507742166,0.202087001456,-0.196255381523,-0.0130167913063,-1.11920028929,0.200300178613,1.35154568078,0.06528207506,0.249738453419,1.01346689296,2.23913460964
42,-0.132943230654,-0.184977172736,1.63997274574,-0.90234464421,-0.069943450951,1.8065836768,-1.81245160084,-0.0620532123688,-0.464723064011,-2.94923491387,-2.49072785786,2.23296939621,0.0,-0.128592972645,-0.0430083292762,0.0,0.0,0.122169444356,-1.55309384038,-1.15907169151,0.69146991741,-0.903819007096,0.0204465715233,-0.569802882298,-0.532698792109,0.0,0.0159108596696,0.238473234772,-0.128592972645,-0.0430083292762,0.0,0.0,0.122169444356,-1.55309384038,-1.15907169151,0.0699339982996,-0.356158524817,-0.0281673378397,-0.122169444356,-0.366843019136,0.156335699188,-0.969905880292,0.112047334291,-0.424231409469,0.0862514489363,0.553450692507,0.113387794821,1.48912817523,-0.402000146422,0.249738453419,1.01346689296,0.284771007114
43,-0.167206325642,-0.175808185681,1.59035603715,-1.62706238995,-2.30813388138,1.00887140393,-1.47460426296,-0.492626522683,-0.511332456862,-0.163846384104,-0.170597798484,0.0943508195584,0.0,-0.285821448188,-0.134879524798,0.0,0.0,0.122169444356,0.57681693705,0.546101085422,0.121531076393,-0.560947640387,-0.337678226673,-0.569802882298,0.13810709425,0.0,0.64010612363,0.448527379391,-0.285821448188,-0.134879524798,0.0,0.0,0.122169444356,0.57681693705,0.546101085422,-0.460420486946,0.453382857497,1.12106004602,-0.122169444356,1.38987003025,-1.1944047418,-0.0575043012031,0.292126668621,0.452599467245,-0.0833317948116,-0.282874798392,0.294972596672,1.07638069188,0.06528207506,0.249738453419,1.01346689296,0.902458811096
44,-0.177609326627,-0.161557046262,0.143202036412,0.063945683448,-0.349717254755,-0.187697005382,-0.258353846611,-0.578741184746,-0.216139635474,-0.163846384104,-0.170597798484,0.0943508195584,0.0,-0.346293938782,0.416347648334,0.0,0.0,0.122169444356,-0.170034893996,-0.527526218571,-0.704880243081,0.947686373131,-1.03286165847,1.36752691752,1.47971886697,0.0,0.702525650026,0.616570695085,-0.346293938782,0.416347648334,0.0,0.0,0.122169444356,-0.170034893996,-0.527526218571,0.246718826715,0.161048469439,0.642215302746,-0.122169444356,-0.366843019136,-0.0938014195129,0.854897277885,-0.937380510597,0.0317206464223,-1.41931686141,0.553450692507,-0.937320844948,-0.230653005402,0.999846518024,0.249738453419,-0.693983078576,0.352186041363
45,-0.173341778385,-0.164196146154,0.461116502605,-0.660772062295,0.209830352853,0.360730182219,-0.0556454438854,-0.750970508871,0.514074185853,-0.163846384104,-0.170597798484,0.0943508195584,0.0,-0.612372897394,-0.349245647683,0.0,0.0,0.122169444356,1.24068523131,1.20922383201,0.0930341343425,0.347661481391,-0.316612062073,-0.569802882298,0.47351003743,0.0,-0.233767245915,-0.664759587086,-0.612372897394,-0.349245647683,0.0,0.0,0.122169444356,1.24068523131,1.20922383201,-0.401492210808,-0.153773179238,-0.315474183805,-0.122169444356,-0.366843019136,-1.24443216554,-0.122675842567,-0.232587253823,0.259696674368,-0.327366218741,0.553450692507,-0.232709733493,-0.161861758177,0.298923185801,0.249738453419,-0.779900261748,-0.0378439758589
46,-0.173328144046,-0.15725908358,0.348100666358,-0.90234464421,-0.069943450951,0.659872284547,-1.06918745751,0.368520097945,0.467464793002,-0.163846384104,-0.170597798484,0.0943508195584,0.0,0.270525465273,-0.0276964633559,0.0,0.0,0.122169444356,-0.0317289993582,-0.211753482103,0.662972975359,0.621958574758,0.441769863519,-0.569802882298,-0.532698792109,0.0,0.827364702818,1.05768439878,0.270525465273,-0.0276964633559,0.0,0.0,0.122169444356,-0.0317289993582,-0.211753482103,-0.177564761482,0.0486121663399,0.259139508125,-0.122169444356,-0.366843019136,-0.719144216266,0.333524946978,0.00958840268999,-0.0208892061805,0.359239109604,-1.11920028929,0.00629932193449,-0.437026747078,-0.402000146422,0.249738453419,-0.135720690958,0.871907041904
47,0.071040121561,-0.0373685456109,3.66231303502,0.788663429191,1.04915176427,2.2552968303,-3.50168829022,-1.78434645362,0.420855400151,-1.55654064899,-0.170597798484,2.23296939621,0.0,-1.09615282214,-0.992344016336,0.0,0.0,0.122169444356,1.18536287346,1.14606928471,0.224120067776,-0.115214863666,0.599766098017,1.36752691752,-0.868101735288,0.0,1.01462328201,0.742603181856,-1.09615282214,-0.992344016336,0.0,0.0,0.122169444356,1.18536287346,1.14606928471,-0.631312487748,-0.266209482337,-1.27316367036,-0.122169444356,-0.366843019136,2.13241893693,2.22349964652,0.310755565276,0.242160056834,0.661180007009,0.553450692507,0.310492665206,-0.368235499853,-0.869282367904,0.249738453419,-0.135720690958,0.722665755157
48,-0.213304027255,-0.165327188965,-1.66597017149,0.547090847277,-1.46881246997,1.40772754037,-0.258353846611,1.31578138064,0.762657614389,-1.55654064899,-0.170597798484,2.23296939621,0.0,0.959911858041,0.906327357784,0.0,0.0,0.122169444356,-1.24882087217,-1.2222262388,-0.414211434163,-0.0980712953307,-1.21192405756,-0.569802882298,0.808912980609,0.0,-1.06602759786,-1.77804655356,0.959911858041,0.906327357784,0.0,0.0,0.122169444356,-1.24882087217,-1.2222262388,0.0345770326165,0.161048469439,0.546446354091,-0.122169444356,0.687184810494,0.931760767161,1.05041190198,-0.245006518259,0.0843304990252,-0.848524480016,0.553450692507,-0.242021774614,1.62671066968,0.532564296542,0.249738453419,0.510597469212,0.846798924388
49,-0.193193376596,-0.153534182589,-0.294160061587,1.75495375685,0.769377960461,-0.686267175929,-0.325923314186,-0.492626522683,1.29089740003,-0.163846384104,-0.170597798484,0.0943508195584,0.0,-0.854262859769,-0.425804977284,0.0,0.0,0.122169444356,-0.83390318826,-0.811721681393,0.913746065407,0.673389279764,0.157376641422,-0.569802882298,-0.532698792109,0.0,-0.961995053869,-1.44195992217,-0.854262859769,-0.425804977284,0.0,0.0,0.122169444356,-0.83390318826,-0.811721681393,-0.501670280243,0.0261249057201,0.0676016108154,-0.122169444356,-0.366843019136,0.756664784071,0.594211112432,0.391480784114,0.189550204231,0.586728826827,-1.11920028929,0.389645014731,-0.299444252628,-0.402000146422,0.249738453419,0.843501148397,0.852046573524
50,-0.211108898607,-0.158284562395,-0.298754201272,-0.419199480381,-0.629491058559,-0.536696124765,0.755188167016,1.74635469095,2.31630404274,-0.163846384104,-0.170597798484,0.0943508195584,0.0,-0.189065463238,-1.37514066434,0.0,0.0,0.122169444356,1.51729702059,1.36711020024,-0.220432228217,0.210512934707,-0.116483498375,-0.569802882298,0.13810709425,0.0,0.868977720416,0.532549037238,-0.189065463238,-1.37514066434,0.0,0.0,0.122169444356,1.51729702059,1.36711020024,-0.0243512435219,-0.176260439858,0.354908456781,-0.122169444356,-0.366843019136,0.0562808517077,-0.546290861429,-0.254320966587,-0.564524349743,-0.153646798317,-0.282874798392,-0.257541843148,-0.230653005402,0.06528207506,0.249738453419,-0.761084059635,0.622264983337
51,-0.174787018365,-0.144395356676,0.0568322103369,0.063945683448,-0.349717254755,-0.187697005382,0.822757634591,0.454634760008,0.358709543017,1.22884788078,2.1495322609,0.0943508195584,0.0,0.0044465066613,0.401035782413,0.0,0.0,0.122169444356,0.632139294905,0.861873821891,0.0531384154713,0.656245711429,-0.0954173337755,-0.569802882298,0.13810709425,0.0,0.95220375561,1.64583600371,0.0044465066613,0.401035782413,0.0,0.0,0.122169444356,0.632139294905,0.861873821891,-0.189350416709,0.858153548653,1.02529109737,-0.122169444356,-0.366843019136,-0.544048233175,0.431282259023,-0.217063173277,0.435062849711,-0.174327681701,-0.282874798392,-0.214085651252,-0.161861758177,0.06528207506,0.249738453419,0.691868587001,0.841499123848
52,-0.198251716524,-0.190330775374,0.831404161206,0.788663429191,0.209830352853,-0.536696124765,-0.461062249336,-0.750970508871,0.125662578764,-0.163846384104,-0.170597798484,0.0943508195584,0.0,-3.21268999292,-3.33505950215,0.0,0.0,-8.18535277187,-0.640274935766,-0.811721681393,-2.51158636911,-2.44674015729,-0.727402271769,-0.569802882298,0.47351003743,0.0,-1.89828794981,-1.08486787632,-3.21268999292,-3.33505950215,0.0,0.0,-8.18535277187,-0.640274935766,-0.811721681393,0.305647102853,0.520844639356,0.16337055947,-0.122169444356,-0.366843019136,0.431486529759,-0.448533549384,-0.552383313064,2.0659682804,-0.323230042065,-1.11920028929,-0.550871138445,-0.0242792637266,0.298923185801,0.249738453419,-0.591310791959,0.550336442209
53,-0.158684863498,-0.153504021447,-1.0549495934,0.547090847277,1.04915176427,0.161302114,-0.0556454438854,0.024061449694,-0.231676099758,-0.163846384104,-0.170597798484,0.0943508195584,0.0,0.669643903191,0.538842575696,0.0,0.0,0.122169444356,0.853428726326,0.388214717188,-0.642186970569,0.50195359641,-0.801133847868,-0.569802882298,0.808912980609,0.0,-0.878769018674,-0.412694613544,0.669643903191,0.538842575696,0.0,0.0,0.122169444356,0.853428726326,0.388214717188,0.594395655931,-0.086311397379,-0.41124313246,-0.122169444356,-0.366843019136,1.75721325887,1.79988462766,-0.592745922483,-0.00335258864626,-0.794754183217,1.38977618341,-0.586567296074,-0.0930705109519,0.532564296542,0.249738453419,-0.338125617191,-0.222150839794
54,-0.186744334045,-0.167031293467,0.309509893005,-1.62706238995,-0.349717254755,-0.187697005382,-0.528631716911,0.282405435882,-0.89974406395,-0.163846384104,-0.170597798484,0.0943508195584,0.0,-2.69262657382,-1.23733387106,0.0,0.0,0.122169444356,0.217221610991,-0.969608049627,0.537586430336,0.519097164745,0.420703698919,-0.569802882298,-0.532698792109,0.0,0.80655819402,-0.0135917387694,-2.69262657382,-1.23733387106,0.0,0.0,0.122169444356,0.217221610991,-0.969608049627,-0.383813727966,0.161048469439,-0.60278102977,-0.122169444356,-0.366843019136,0.55655508911,0.529039571068,0.167934024256,-0.0384258237148,0.570184120119,-0.282874798392,0.161500007277,-0.230653005402,-0.402000146422,0.249738453419,-0.755909104116,-0.540525570356
55,-0.155003591852,-0.168991767673,-0.522029389956,-0.177626898466,-0.629491058559,-0.137839988328,0.349771361565,0.626864084134,-1.10171809964,-0.163846384104,-0.170597798484,0.0943508195584,0.0,-0.116498474526,-0.0430083292762,0.0,0.0,0.122169444356,0.189560432063,-0.33806257669,0.309610893929,0.604815006422,0.0836450653226,-0.569802882298,-0.197295848929,0.0,1.36833393158,1.85589014833,-0.116498474526,-0.0430083292762,0.0,0.0,0.122169444356,0.189560432063,-0.33806257669,-0.0891723472742,0.0710994269597,-0.0281673378397,-0.122169444356,-0.366843019136,-0.168842555123,-0.253018925293,-0.136337954439,-0.0559624412491,0.119340862351,-0.282874798392,-0.138037315434,-0.230653005402,-0.168359035681,0.249738453419,2.54817260742,-1.86569656788
56,-0.225615835761,-0.184977172736,-0.650665301133,-0.419199480381,-1.74858627378,-0.48683910771,0.417340829141,-0.492626522683,-0.775452349682,-0.163846384104,-0.170597798484,0.0943508195584,0.0,-0.128592972645,0.508218843855,0.0,0.0,0.122169444356,0.521494579195,0.893451095538,-0.186235897756,1.08483491981,-0.59047220187,-0.569802882298,0.808912980609,0.0,0.536073579637,1.75086307602,-0.128592972645,0.508218843855,0.0,0.0,0.122169444356,0.521494579195,0.893451095538,-0.165779106254,0.295972033158,0.929522148711,-0.122169444356,-0.366843019136,1.43203500456,0.854897277885,-0.533754416409,0.0843304990252,-0.736847709743,0.553450692507,-0.530695049351,-0.161861758177,0.532564296542,0.249738453419,1.28247459086,0.759625194956
57,-0.159557461222,-0.196845581966,1.33951601035,-0.660772062295,-0.629491058559,0.610015267493,-1.40703479539,1.57412536682,-0.169530242623,-0.163846384104,-0.170597798484,0.0943508195584,0.0,-0.479333418088,-0.900472820814,0.0,0.0,0.122169444356,-0.4743078622,0.261905622601,1.0220344452,-2.18958663225,1.35814802361,-0.569802882298,-1.87431056483,0.0,-0.608284404291,0.217467820311,-0.479333418088,-0.900472820814,0.0,0.0,0.122169444356,-0.4743078622,0.261905622601,-0.54292007354,-0.648492912874,0.259139508125,-0.122169444356,-0.366843019136,1.43203500456,1.31109806743,2.74493139484,-0.546987732209,2.83267276232,-1.11920028929,2.75024743879,0.182094477949,-2.73841125383,0.249738453419,-0.577638395256,0.559452699074
58,-0.151349588885,-0.217204352564,1.1318608966,-1.62706238995,-0.909264862363,2.60429594968,-0.325923314186,-0.578741184746,2.7357885784,-0.163846384104,-0.170597798484,0.0943508195584,0.0,0.258430967155,-0.134879524798,0.0,0.0,0.122169444356,-0.36366314649,-0.306485303043,1.35259897299,-0.680952618736,0.673497674116,-0.569802882298,0.47351003743,0.0,0.348815000449,0.112440748002,0.258430967155,-0.134879524798,0.0,0.0,0.122169444356,-0.36366314649,-0.306485303043,-0.38970655558,-0.895852779692,-0.315474183805,-0.122169444356,-0.366843019136,-0.0187602839026,0.431282259023,1.99977552865,-1.84469742975,2.27428891095,-1.11920028929,1.99597210803,0.113303230724,-1.33656458939,0.249738453419,-0.577638395256,-0.361088950683
59,-0.140714804129,-0.175672460543,-0.46322440199,1.03023601111,1.32892556807,-1.23469436353,0.620049231866,-1.35377314331,-0.8531346711,-0.163846384104,-0.170597798484,0.0943508195584,0.0,-0.624467395513,0.0641747321661,0.0,0.0,0.122169444356,1.71092527308,1.93550112588,0.218420679366,0.330517913055,-0.232347403674,-0.569802882298,0.47351003743,0.0,-0.795542983479,-1.69402489572,-0.624467395513,0.0641747321661,0.0,0.0,0.122169444356,1.71092527308,1.93550112588,4.454197743,-2.67234636866,1.69567373795,-0.122169444356,-0.366843019136,1.15688417399,0.626796883113,1.52784348006,-1.72194110701,-0.327366218741,-1.11920028929,1.52726603829,-2.77592915274,0.298923185801,-4.1046756062,-0.0830708592225,-0.928251963951
60,-0.13208426727,-0.171223692153,-0.142553451986,0.547090847277,-0.349717254755,-1.33440839764,0.822757634591,-1.52600246744,-1.67656727813,-0.163846384104,-0.170597798484,0.0943508195584,0.0,-0.479333418088,0.156045927688,0.0,0.0,0.122169444356,-1.2764820511,-0.716989860452,0.127230464803,0.296230776384,0.0204465715233,-0.569802882298,0.13810709425,0.0,-1.08683410666,-0.181635054464,-0.479333418088,0.156045927688,0.0,0.0,0.122169444356,-1.2764820511,-0.716989860452,4.40705512209,-3.16706610229,1.12106004602,-0.122169444356,-0.366843019136,-0.393965961954,-0.253018925293,1.66135057275,-2.12528331029,0.0448896821686,-1.11920028929,1.66384264139,-2.91351164719,0.06528207506,-4.1046756062,-0.0830708592225,-1.49604946634
61,-0.140019452818,-0.178130593586,-0.218816170755,0.547090847277,0.769377960461,-0.436982090656,0.0794934912648,-1.00931449506,0.653902364405,-0.163846384104,-0.170597798484,0.0943508195584,0.0,-0.00764799145743,0.201981525449,0.0,0.0,0.122169444356,0.10657689528,0.230328348954,0.383702943261,0.107651524695,0.30483979362,-0.569802882298,-0.197295848929,0.0,0.244782456455,0.175456991387,-0.00764799145743,0.201981525449,0.0,0.0,0.122169444356,0.10657689528,0.230328348954,1.97921014518,-2.6048845868,1.21682899468,-0.122169444356,-0.366843019136,0.55655508911,0.56162534175,1.19252334027,-1.38874537385,0.0200726221079,0.553450692507,1.19358456481,-0.643400488754,-0.168359035681,0.249738453419,-0.0830708592225,-0.827965957945
62,-0.16509300303,-0.16671460148,-1.15142652678,1.03023601111,1.04915176427,-1.18483734648,1.29574390762,-0.40651186062,-0.464723064011,-0.163846384104,-0.170597798484,0.0943508195584,0.0,-0.201159961357,0.538842575696,0.0,0.0,0.122169444356,0.964073442037,1.08291473742,-0.305923054369,0.50195359641,-0.948597000066,-0.569802882298,0.808912980609,0.0,-0.400219316304,-0.0135917387694,-0.201159961357,0.538842575696,0.0,0.0,0.122169444356,0.964073442037,1.08291473742,2.74527773498,-2.55991006556,1.02529109737,-0.122169444356,-0.366843019136,-0.443993385694,-0.253018925293,1.40054601958,-1.94991713495,-0.517630345873,-1.11920028929,1.40310549002,-1.60647794991,0.532564296542,-4.1046756062,-0.0830708592225,-0.222150839794
63,-0.148281862513,-0.190300614233,0.765248549744,-1.86863497187,-1.46881246997,-0.985409278257,-0.596201184487,-2.04269043981,-1.08618163535,-0.163846384104,-0.170597798484,0.0943508195584,0.0,2.52010211536,-1.09952707778,0.0,0.0,0.122169444356,-0.83390318826,-0.0538671138682,-1.17223009272,-0.218076273679,-0.769534600968,1.36752691752,0.47351003743,0.0,0.0991368948643,0.511543622776,2.52010211536,-1.09952707778,0.0,0.0,0.122169444356,-0.83390318826,-0.0538671138682,0.376361034219,1.98251657964,-2.32662210556,-0.122169444356,-0.366843019136,-0.368952250084,0.138010322887,0.217611082002,-3.87894506372,0.441962643139,0.553450692507,0.220476267707,-0.368235499853,-0.168359035681,0.249738453419,-1.05885061189,-2.1381137637
64,-0.180336194513,-0.153715149439,-1.55571081905,0.305518265362,-0.349717254755,0.211159131055,1.49845231034,1.48801070476,-0.324894885459,-0.163846384104,-0.170597798484,0.0943508195584,0.0,0.58498241636,1.07475788291,0.0,0.0,0.122169444356,0.217221610991,-0.401217123984,-1.99864141219,2.2848847033,-1.19085789296,1.36752691752,1.14431592379,0.0,-2.52248321377,-1.9250844548,0.58498241636,1.07475788291,0.0,0.0,0.122169444356,0.217221610991,-0.401217123984,0.170112067735,-0.491082088536,-2.0393152596,-0.122169444356,-0.366843019136,-1.4445418605,-0.969905880292,-0.496496623099,-0.161182146455,-0.76580094648,2.22610167431,-0.499654912282,0.0445119834987,0.766205407283,0.249738453419,-0.540105786749,-0.966360174813
65,-0.143618918428,-0.182730167684,0.267243807904,-2.11020755378,-1.46881246997,-0.187697005382,-1.27189586024,-1.78434645362,-0.759915885398,-0.163846384104,-0.170597798484,0.0943508195584,0.0,-0.140687470763,-0.24206258624,0.0,0.0,0.122169444356,0.161899253135,0.703987453657,-0.522499813956,0.381948618062,-0.59047220187,-0.569802882298,0.808912980609,0.0,1.74285108996,2.19197677972,-0.140687470763,-0.24206258624,0.0,0.0,0.122169444356,0.161899253135,0.703987453657,-0.407385038422,0.00363764510026,0.450677405436,-0.122169444356,-0.366843019136,1.10685675025,0.75713996584,-0.375408794843,-0.424231409469,-0.476268579106,-0.282874798392,-0.370838343448,-0.0930705109519,0.532564296542,0.249738453419,-0.110067425211,0.0934788047131
66,-0.178754611139,-0.184343788761,-1.17072191346,-0.660772062295,-0.069943450951,-1.33440839764,-0.0556454438854,-0.0620532123688,1.38411618573,-0.163846384104,-0.170597798484,0.0943508195584,0.0,0.464037435173,0.125422195847,0.0,0.0,0.122169444356,0.549155758122,-0.211753482103,-0.721978408312,0.141938661365,-0.421942885072,-0.569802882298,0.808912980609,0.0,0.80655819402,1.24673312894,0.464037435173,0.125422195847,0.0,0.0,0.122169444356,0.549155758122,-0.211753482103,2.05581690416,-2.80726993238,-4.81661477059,-0.122169444356,-0.366843019136,-1.66966526733,-2.24075093688,-0.763510808485,-0.336548321798,-0.935384190228,-1.11920028929,-0.760392063658,-0.0930705109519,0.532564296542,0.249738453419,-1.05721696191,0.00217139140397
67,-0.196465618059,-0.154077083138,-0.333669662877,0.0639456834479,1.32892556807,0.161302114,0.14706295884,-0.320397198557,-0.759915885398,-0.163846384104,-0.170597798484,0.0943508195584,0.0,0.125391487849,0.186669659529,0.0,0.0,0.122169444356,-0.280679609707,0.577678359069,-0.402812657342,0.827681394783,-0.62207144877,-0.569802882298,0.808912980609,0.0,0.265588965254,-0.559732514777,0.125391487849,0.186669659529,0.0,0.0,0.122169444356,-0.280679609707,0.577678359069,-0.483991797402,0.295972033158,0.546446354091,-0.122169444356,-0.366843019136,0.206363122928,0.0402530108421,-0.291578759896,0.680575495191,-0.501085639166,0.553450692507,-0.288581980216,0.0445119834987,0.298923185801,0.249738453419,-1.05721696191,0.795641446429
