,total_score,fa_rep,hbond_sc,tot_pstat_pm,tot_nlpstat_pm,tot_burunsat_pm,tot_hbond_pm,tot_NLconts_pm,tot_nlsurfaceE_pm,tot_total_charge,tot_total_pos_charges,tot_total_neg_charges,tot_seq_recovery,SR_1_total_score,SR_1_fa_rep,SR_1_hbond_sc,SR_1_hbond_pm,SR_1_burunsat_pm,SR_1_pstat_pm,SR_1_nlpstat_pm,SR_2_total_score,SR_2_fa_rep,SR_2_hbond_sc,SR_2_all_cst,SR_2_hbond_pm,SR_2_burunsat_pm,SR_2_pstat_pm,SR_2_nlpstat_pm,SR_3_total_score,SR_3_fa_rep,SR_3_hbond_sc,SR_3_hbond_pm,SR_3_burunsat_pm,SR_3_pstat_pm,SR_3_nlpstat_pm,SR_4_total_score,SR_4_fa_rep,SR_4_hbond_sc,SR_4_hbond_pm,SR_4_burunsat_pm,SR_4_pstat_pm,SR_4_nlpstat_pm,SR_5_total_score,SR_5_fa_rep,SR_5_hbond_sc,SR_5_all_cst,SR_5_interf_E_1_2,SR_5_dsasa_1_2,SR_5_hbond_pm,SR_5_burunsat_pm,distance,kcatkm
0,-0.164384769024,-0.139251686279,-2.1444203844,-0.288871104323,0.559552697136,-1.08942798991,1.62524300305,0.786886271978,0.0563824605916,-0.171064332286,-0.160046099916,0.114707866935,0.0,0.29536674679,0.222883955436,0.0,0.0,0.114707866935,-1.28065130252,-1.30884950525,-0.174367075283,0.197626357663,-0.187987880569,-0.608936501007,0.10944423356,0.0,-0.31835980856,-1.15920719532,0.29536674679,0.222883955436,0.0,0.0,0.114707866935,-1.28065130252,-1.30884950525,-0.140116617772,0.0593862105455,0.0556487139222,-0.154713186939,-0.342058463134,-2.36973537483,-2.07375277366,-0.253961732411,0.203350659886,-0.181031879337,-1.14184409926,-0.256717777239,-0.143118197431,0.219249393038,0.263156945563,0.814258222281,0.904526667853
1,-0.194133394615,-0.14211803334,-0.939798890098,0.637923688713,0.559552697136,-0.257042546682,0.303069614409,0.476167077402,-1.25479355249,-0.171064332286,-0.160046099916,0.114707866935,0.0,0.232511179301,0.409090804281,0.0,0.0,0.114707866935,-0.6692016671,-0.417260395195,-0.287392786909,-0.086964293801,-0.23205201087,-0.608936501007,0.10944423356,0.0,0.278531419411,-0.110109390584,0.232511179301,0.409090804281,0.0,0.0,0.114707866935,-0.6692016671,-0.417260395195,0.116763848143,0.406134131835,0.227046752802,-0.154713186939,-0.342058463134,-0.0440723317208,0.336380608491,-0.181401237437,0.0109919275614,-0.325446555651,-0.304491759803,-0.182766676165,-0.694123257539,0.219249393038,0.263156945563,-0.885955146205,0.406887564648
2,-0.0999608092689,-0.0879456752,0.729409857339,0.637923688713,1.07554739988,1.22275379684,-0.093582402183,0.709206473334,-0.147578252555,-0.171064332286,-0.160046099916,0.114707866935,0.0,-0.364616711836,0.61081489053,0.0,0.0,0.114707866935,2.24908068377,2.22566446674,2.8297373653,3.01005161919,1.44238494056,2.86425687511,-0.592822931783,0.0,-1.38864752768,-1.03074623964,-0.364616711836,0.61081489053,0.0,0.0,0.114707866935,2.24908068377,2.22566446674,-0.373644314058,-0.0273007697768,0.0556487139222,-0.154713186939,-0.342058463134,1.47472802297,1.73974941329,0.3516393218,1.15232040602,0.915831971713,0.532860579656,0.350239373083,-0.143118197431,-0.325337809024,0.263156945563,-0.885955146205,0.73330790388
3,-0.158530680014,-0.132974546347,-0.827783781634,0.174526292195,0.301555345762,0.0666629034621,0.501395622706,1.1752852652,-1.85210706957,-0.171064332286,-0.160046099916,0.114707866935,0.0,0.347746386363,0.533228703511,0.0,0.0,0.114707866935,-1.61416928548,-0.576472736276,-0.39446977687,0.532438888796,-0.364244401773,2.86425687511,0.460577816231,0.0,-2.0678685802,-1.09497671748,0.347746386363,0.533228703511,0.0,0.0,0.114707866935,-1.61416928548,-0.576472736276,0.00583819240715,-0.00562902469626,0.134755501098,-0.154713186939,-0.342058463134,0.383090268035,0.183840521013,-0.468852429067,-0.168542889275,-0.438915229898,2.20756525857,-0.468803953903,-0.143118197431,0.400778460391,0.263156945563,3.15294601206,0.994294549191
4,-0.161312821326,-0.137938611089,0.518233833186,0.869622386972,1.84953945401,-0.395773453887,-0.093582402183,0.709206473334,-0.890577993304,1.29248606616,-0.160046099916,-2.09341857157,0.0,-0.00843516273651,0.626332127933,0.0,0.0,0.114707866935,0.386938612261,0.378801310207,-0.453956993516,0.381773249786,-0.507452825251,-0.608936501007,0.460577816231,0.0,0.525520893055,-0.388441461228,-0.00843516273651,0.626332127933,0.0,0.0,0.114707866935,0.386938612261,0.378801310207,0.0817346937001,0.644523327721,0.187493359215,-0.154713186939,-0.342058463134,0.240702734783,0.794000870925,-0.265124885484,0.331589814769,-0.373584781089,-0.304491759803,-0.265089600002,-0.143118197431,0.400778460391,0.263156945563,0.160145468052,0.869997580171
5,-0.179541643047,-0.14745039966,0.974557676682,1.56471848175,1.07554739988,-0.0258243680078,-0.688560427071,-0.14527131175,1.39669571841,2.7560364646,2.30466383879,-2.09341857157,0.0,-0.249381504774,-0.413322778118,0.0,0.0,0.114707866935,-0.6692016671,-0.894897418436,0.735787339388,0.398513876343,0.803455051201,1.12766018705,-0.943956514455,0.0,1.53406124376,1.21732048479,-0.249381504774,-0.413322778118,0.0,0.0,0.114707866935,-0.6692016671,-0.894897418436,-0.367806121651,0.0593862105455,0.187493359215,-0.154713186939,-0.342058463134,0.00339017936314,-0.365303793909,-0.0809328597794,0.267470237328,0.310665709065,1.37021291911,-0.0795141954206,-0.143118197431,-0.325337809024,0.263156945563,0.160145468052,0.694927106662
6,-0.168065310135,-0.141637639978,0.195042700569,2.25981457653,1.07554739988,0.251637446402,-0.424125749343,0.24312768147,1.22187225,1.29248606616,-0.160046099916,-2.09341857157,0.0,-0.259857432689,0.0366771065907,0.0,0.0,0.114707866935,0.581490768985,-1.0222672913,-0.346880003554,0.197626357663,-0.342212336623,-0.608936501007,0.460577816231,0.0,0.196201594864,-0.709593850431,-0.259857432689,0.0366771065907,0.0,0.0,0.114707866935,0.581490768985,-1.0222672913,0.140116617772,0.406134131835,0.147939965627,-0.154713186939,-0.342058463134,-0.945860042316,-0.883940091334,-0.435362969848,0.370061561234,-0.576453016863,-1.14184409926,-0.432526055263,-0.143118197431,0.400778460391,0.263156945563,0.160145468052,0.694506749712
7,-0.14818459201,-0.170717451501,0.901105146542,0.174526292195,0.0435579943879,-0.210798910948,-0.886886435368,-0.92206929819,-0.468087944643,1.29248606616,-0.160046099916,-2.09341857157,0.0,0.45250566551,0.657366602741,0.0,0.0,0.114707866935,-0.891546989071,-1.40437690989,-0.804931571722,-0.0534830406876,-1.00317429114,1.12766018705,1.16284498157,0.0,0.525520893055,0.682066502785,0.45250566551,0.657366602741,0.0,0.0,0.114707866935,-0.891546989071,-1.40437690989,-0.134278425365,0.427805876916,0.358891398095,-0.154713186939,-0.342058463134,0.145777712615,0.244856556004,-0.519086617896,0.267470237328,-0.899666816232,3.04491759803,-0.520430194275,-0.00536693240366,0.763836595099,0.263156945563,-0.154518504214,0.83043299706
8,-0.154096642298,-0.135632722951,1.73938214677,-0.0571724060639,1.07554739988,1.77767742565,-1.08521244366,1.33064486249,0.304049040841,1.29248606616,-0.160046099916,-2.09341857157,0.0,0.43155380968,0.688401077548,0.0,0.0,0.114707866935,-0.530235840869,0.824595865232,0.860710494343,-0.689626849842,0.197573259563,-0.608936501007,-0.241689349112,0.0,0.113871770316,-0.174339868425,0.43155380968,0.688401077548,0.0,0.0,0.114707866935,-0.530235840869,0.824595865232,-1.28440232957,0.297775406432,0.240231217332,-0.154713186939,3.36758965817,-1.61033519749,-1.95172070368,-0.022326306146,0.562420293559,-0.0125480903043,0.532860579656,-0.022306739873,1.23439445284,0.0377203256839,0.263156945563,-0.154518504214,0.244623680543
9,-0.197190851994,-0.157474607817,-0.769021757522,-1.44736459562,-1.76242346523,1.13026652537,0.501395622706,1.01992566791,-0.17671549729,2.7560364646,2.30466383879,-2.09341857157,0.0,1.32200768243,1.68150427139,0.0,0.0,0.114707866935,-3.03162071304,-2.39149342459,-1.18564975825,-0.220889306254,-1.56499195247,-0.608936501007,1.51397856425,0.0,-0.668261562887,-2.10125420365,1.32200768243,1.68150427139,0.0,0.0,0.114707866935,-3.03162071304,-2.39149342459,0.157631194993,1.20798869982,-0.102564860429,-0.154713186939,3.36758965817,-0.803472509064,0.122824486021,-3.07823945989,0.318765899281,-2.38851336013,-1.14184409926,-3.08081265598,3.92054412087,2.76065633599,0.263156945563,-0.154518504214,0.180488638758
10,-0.164413749663,-0.160437033551,0.935995098358,0.869622386972,-0.730434059735,0.667830168016,-0.225799741047,0.0100882855382,-0.147578252555,1.29248606616,-0.160046099916,-2.09341857157,0.0,0.253463035131,0.393573566877,0.0,0.0,0.114707866935,-0.363476849391,0.155904032694,-0.0732388069865,-0.890514368522,-0.386276466924,1.12766018705,0.10944423356,0.0,-0.194865071738,0.532195387824,0.253463035131,0.393573566877,0.0,0.0,0.114707866935,-0.363476849391,0.155904032694,-0.210174926658,0.449477621996,0.279784610919,-0.154713186939,-0.342058463134,-1.42048515316,-1.0974962138,-0.133957836876,0.305941983792,-0.280746774887,1.37021291911,-0.135326347174,1.09664318781,0.219249393038,0.263156945563,-0.154518504214,0.554272318683
11,-0.179990842946,-0.139652014081,-1.17117436004,-0.752268500841,0.301555345762,1.36148470404,0.699721631002,-0.0675915131058,0.0563824605916,2.7560364646,2.30466383879,-2.09341857157,0.0,0.379174170107,0.393573566877,0.0,0.0,0.114707866935,-0.947133319564,-0.608315204492,-0.798982850058,-1.40947379178,-0.749805541906,-0.608936501007,0.460577816231,0.0,2.3367770331,1.81680494464,0.379174170107,0.393573566877,0.0,0.0,0.114707866935,-0.947133319564,-0.608315204492,0.0175145772215,-0.200674730422,0.0160953203344,-0.154713186939,3.36758965817,0.406821523577,-0.212763706431,-2.85776718669,2.44753587034,-2.4469669196,-0.304491759803,-2.85895935276,3.16291216322,2.21606913393,0.263156945563,-0.154518504214,0.218966662873
12,-0.14383749621,-0.122598049724,1.39874603824,0.637923688713,0.817550048511,2.84128104756,-0.9529951048,0.709206473334,0.0855197053268,1.29248606616,-0.160046099916,-2.09341857157,0.0,-0.437948207239,-0.0409090804281,0.0,0.0,0.114707866935,-0.168924692666,0.251431437343,1.62809558907,-0.723108102955,1.12291999588,-0.608936501007,-1.29509009713,0.0,1.18415948944,0.296683635741,-0.437948207239,-0.0409090804281,0.0,0.0,0.114707866935,-0.168924692666,0.251431437343,-0.852376091444,1.55473662111,-0.0761959313704,-0.154713186939,3.36758965817,-1.80018524183,-3.11102536851,0.733977314551,1.19079215249,0.771417295399,0.532860579656,0.732552612596,1.64764824792,-0.506866876377,0.263156945563,-0.154518504214,-0.726785159991
13,-0.127724261111,-0.168171366681,1.70908297808,-1.21566589736,-0.730434059735,-2.19927524755,-0.424125749343,-0.0675915131058,1.45497020788,1.29248606616,-0.160046099916,-2.09341857157,0.0,-1.08745573795,-0.366771065907,0.0,0.0,0.114707866935,0.109006959797,0.601698587719,-0.0851362503156,0.298070117003,-0.022747391941,1.12766018705,0.10944423356,0.0,-1.59447208905,-0.731004009712,-1.08745573795,-0.366771065907,0.0,0.0,0.114707866935,0.109006959797,0.601698587719,-0.169307579807,-1.04587278856,0.121571036568,-0.154713186939,-0.342058463134,0.122046457073,0.336380608491,2.90241979899,-0.861034325643,1.65165913198,0.532860579656,2.90504061961,-0.418620727485,-1.5960412805,0.263156945563,-0.8938442438,-2.58155715659
14,-0.151473894498,-0.166714173483,1.6888835323,0.637923688713,1.33354475126,-1.45937707579,-0.225799741047,-1.23278849277,-0.744891769628,-0.171064332286,-0.160046099916,0.114707866935,0.0,-1.37030579165,-0.196081454466,0.0,0.0,0.114707866935,2.11011485753,1.39776029312,0.34317170953,0.348291996673,0.076396901236,1.12766018705,0.10944423356,0.0,0.113871770316,0.339503954301,-1.37030579165,-0.196081454466,0.0,0.0,0.114707866935,2.11011485753,1.39776029312,-0.315262389986,-0.742468357436,0.134755501098,-0.154713186939,-0.342058463134,-0.708547486896,-0.731400003856,2.17402406097,-1.14316046639,1.67228980002,0.532860579656,2.17250612784,-0.0742425649172,-1.5960412805,0.263156945563,-0.8938442438,-0.557595409668
15,-0.159950731308,-0.203672436145,-0.728622865944,-1.67906329388,-0.988431411109,-2.93917341931,0.765830300434,-0.455990506326,0.216637306635,-0.171064332286,-0.160046099916,0.114707866935,0.0,-0.521755630556,-1.01849503686,0.0,0.0,0.114707866935,0.0256274640583,1.04749314274,-0.15652091029,-0.170667426584,-0.0117313593658,2.86425687511,0.10944423356,0.0,0.751927910561,0.617836024945,-0.521755630556,-1.01849503686,0.0,0.0,0.114707866935,0.0256274640583,1.04749314274,0.665553934415,-1.99942957211,-0.128933789487,-0.154713186939,-0.342058463134,-0.732278742438,-1.37206837126,0.242798579338,0.895842096255,-0.559260793493,2.20756525857,0.242800980957,-0.694123257539,0.219249393038,-3.53617145601,-0.542134338064,-1.3224695839
16,8.04600404898,7.9347195516,-0.598244624946,0.869622386972,1.33354475126,0.0666629034621,0.765830300434,-0.0675915131058,-0.613774168319,1.29248606616,2.30466383879,0.114707866935,0.0,-0.0817666581393,0.347021854666,0.0,0.0,0.114707866935,1.10956090867,1.7480274435,-0.317136395232,0.331551370116,-0.375260434348,-0.608936501007,0.811711398903,0.0,-0.647679106751,-0.302800824106,-0.0817666581393,0.347021854666,0.0,0.0,0.114707866935,1.10956090867,1.7480274435,-0.12260204055,0.362790641674,0.200677823744,-0.154713186939,-0.342058463134,0.976371656584,0.427904660978,-0.530249770969,0.0494636740263,-0.696798580458,0.532860579656,-0.52601140945,-0.143118197431,0.582307527745,0.263156945563,2.69160069051,0.725611117936
17,-0.18816338305,-0.15332721179,0.532924339214,-0.520569802582,-0.988431411109,0.0204192677271,-0.556343088207,-0.378310707682,-0.380676210437,-0.171064332286,-0.160046099916,0.114707866935,0.0,-0.197001865201,0.440125279088,0.0,0.0,0.114707866935,-0.613615336608,-1.49990431454,0.789325834368,-0.086964293801,1.70676972237,-0.608936501007,-1.99735726247,0.0,-2.15019840475,-2.07984404437,-0.197001865201,0.440125279088,0.0,0.0,0.114707866935,-0.613615336608,-1.49990431454,-0.0116763848143,1.38136266046,0.174308894685,-0.154713186939,-0.342058463134,-1.20690385328,-1.89070466869,0.48001558214,0.767602941371,0.750786627355,-1.14184409926,0.481397929704,-0.280869462458,-0.869925011085,0.263156945563,-0.674368057357,0.0495969170566
18,-0.191032466278,-0.134303634649,-1.21249140824,1.79641718001,-0.472436708361,1.13026652537,0.435286953273,1.71904385571,-0.642911413054,-0.171064332286,-0.160046099916,0.114707866935,0.0,0.735355719207,1.40219399812,0.0,0.0,0.114707866935,-0.224511023159,-0.672000140924,0.21229983291,-0.622664343615,1.89404227615,-0.608936501007,-1.99735726247,0.0,0.916587559656,1.02462905127,0.735355719207,1.40219399812,0.0,0.0,0.114707866935,-0.224511023159,-0.672000140924,0.280233235543,0.514492857238,0.147939965627,-0.154713186939,-0.342058463134,-1.63406645303,-1.43308440626,0.513505041359,0.0879354204912,0.719840625287,-1.14184409926,0.514885220757,-0.143118197431,-0.869925011085,0.263156945563,-0.674368057357,-1.31537465632
19,-0.178107101433,-0.169116140294,-0.556927576742,0.174526292195,-0.988431411109,-1.32064616859,0.567504292138,-1.62118748599,-1.41504839854,-0.171064332286,-0.160046099916,0.114707866935,0.0,-0.448424135153,0.129780531013,0.0,0.0,0.114707866935,1.27631990014,1.07933561096,-0.917957283348,-0.153926800028,-0.661677281304,-0.608936501007,1.16284498157,0.0,0.299113875548,-0.195750027705,-0.448424135153,0.129780531013,0.0,0.0,0.114707866935,1.27631990014,1.07933561096,-0.496246354608,0.167744935948,0.134755501098,-0.154713186939,-0.342058463134,-0.186459864973,-1.06698819631,-0.745140467624,-0.271134213181,-1.08190438396,-1.14184409926,-0.747864712671,-0.90075015508,0.763836595099,0.263156945563,-0.207918849482,0.175488436239
20,0.532976339203,-0.0952316411928,-1.17117436004,0.406224990454,0.817550048511,-0.673235268297,2.15411235851,1.48600445977,2.22710719337,1.29248606616,2.30466383879,0.114707866935,0.0,0.703927935462,0.905642401201,0.0,0.0,0.114707866935,-0.307890518898,-1.27700703703,-0.471803158509,0.71658578092,-0.595581085853,1.12766018705,0.811711398903,0.0,0.134454226453,-0.409851620508,0.703927935462,0.905642401201,0.0,0.0,0.114707866935,-0.307890518898,-1.27700703703,-0.0875728861073,0.384462386754,0.161124430156,-0.154713186939,-0.342058463134,0.81025286779,0.183840521013,-0.555366865383,0.036639758538,-0.652098799694,-0.304491759803,-0.549731573946,-0.0742425649172,0.582307527745,0.263156945563,1.15638450781,0.75944730992
21,-0.131419292541,-0.138274886443,-0.780039637043,0.174526292195,-0.214439356986,0.529099260811,1.36080832532,1.56368425842,2.34365617231,1.29248606616,2.30466383879,0.114707866935,0.0,0.379174170107,0.207366718032,0.0,0.0,0.114707866935,0.748249760463,0.346958841991,-0.406367220199,-0.371554945265,-0.121891685118,-0.608936501007,-0.241689349112,0.0,0.998917384204,1.21732048479,0.379174170107,0.207366718032,0.0,0.0,0.114707866935,0.748249760463,0.346958841991,-0.332776967208,3.07175877675,0.121571036568,7.78723040925,-0.342058463134,-0.803472509064,-0.578859916378,-0.265124885484,0.331589814769,-0.236046994123,-1.14184409926,-0.266484903796,-0.280869462458,0.0377203256839,0.263156945563,0.685001063134,-0.874767940668
22,-0.15208248791,-0.147594517669,-0.839719817782,-0.057172406064,-0.214439356986,0.806561075221,1.36080832532,-0.611350103614,-1.02169559461,-1.63461473073,-0.160046099916,2.32283430544,0.0,0.0439444768369,0.672883840145,0.0,0.0,0.114707866935,0.192386455536,0.219588969126,-0.388521055206,-0.538961210831,-0.771837607056,1.12766018705,0.811711398903,0.0,0.731345454424,0.724886821346,0.0439444768369,0.672883840145,0.0,0.0,0.114707866935,0.192386455536,0.219588969126,0.256880465915,0.0160427203843,0.253415681861,-0.154713186939,2.99662484604,0.667865334538,0.275364573499,-0.120003895535,0.280294152816,-0.641783465672,0.532860579656,-0.118582701648,1.30327008535,0.582307527745,0.263156945563,0.15764688558,0.673387153593
23,-0.175498843953,-0.155392903248,-1.24921767331,0.406224990454,0.0435579943879,-0.395773453887,1.95578635021,0.24312768147,0.289480418474,-0.171064332286,-0.160046099916,0.114707866935,0.0,-0.0817666581393,0.440125279088,0.0,0.0,0.114707866935,0.109006959797,0.442486246639,0.640607792756,-0.371554945265,-0.0888435873924,-0.608936501007,0.10944423356,0.0,-0.58593173834,0.0183515650974,-0.0817666581393,0.440125279088,0.0,0.0,0.114707866935,0.109006959797,0.442486246639,-0.280233235543,0.0810579556261,0.279784610919,-0.154713186939,-0.342058463134,1.23741546755,0.763492853429,0.404664298897,0.78042685686,0.104359028616,-0.304491759803,0.403260917249,-0.143118197431,0.219249393038,0.263156945563,0.15764688558,0.793257741914
24,3.16204191773,3.49919959941,-0.655170335804,0.174526292195,-0.730434059735,0.344124717872,1.36080832532,0.786886271978,0.959637047384,-0.171064332286,-0.160046099916,0.114707866935,0.0,0.211559323472,0.0987460562057,0.0,0.0,0.114707866935,0.192386455536,0.155904032694,0.313428101207,-0.0367424141309,0.0984289663864,1.12766018705,-0.241689349112,0.0,-0.338942264697,-0.688183691151,0.211559323472,0.0987460562057,0.0,0.0,0.114707866935,0.192386455536,0.155904032694,-0.274395043136,0.0377144654649,0.213862288273,-0.154713186939,0.0289063489972,1.00010291213,0.702476818438,0.231635426265,0.0238158430497,0.334734821784,0.532860579656,0.227452639225,0.407886862678,0.0377203256839,0.263156945563,1.68781875654,0.851877891282
25,-0.152285352381,-0.134896119795,-0.531219191193,-0.288871104323,1.33354475126,-0.442017089622,0.369178283841,-0.611350103614,-1.57530324458,-1.63461473073,-0.160046099916,2.32283430544,0.0,-0.385568567665,0.160815005821,0.0,0.0,0.114707866935,-0.752581162839,0.792753397016,0.146863894601,0.883992046487,-0.298148206322,-0.608936501007,0.460577816231,0.0,-1.75913173814,-2.14407452221,-0.385568567665,0.160815005821,0.0,0.0,0.114707866935,-0.752581162839,0.792753397016,-0.309424197579,0.0377144654649,0.174308894685,-0.154713186939,-0.342058463134,-0.40004116485,0.824508888421,-0.385128781019,-0.104423311833,-0.352954113044,0.532860579656,-0.383690422478,-0.0742425649172,0.400778460391,0.263156945563,3.18075472599,0.793018534722
26,-0.176223359919,-0.147818701238,-0.0409235525067,-0.0571724060639,1.59154210263,-0.349529818152,-0.358017079911,-0.222951110394,-0.191284119658,-1.63461473073,-2.62475603862,0.114707866935,0.0,-0.385568567665,-0.180564217062,0.0,0.0,0.114707866935,1.05397457817,1.11117807918,-0.162469631954,0.4152545029,-0.000715326790598,-0.608936501007,0.460577816231,0.0,-0.688844019024,0.318093795021,-0.385568567665,-0.180564217062,0.0,0.0,0.114707866935,1.05397457817,1.11117807918,-0.414511660908,0.124401445787,0.147939965627,-0.154713186939,-0.342058463134,-0.0440723317208,0.855016905916,-0.48001558214,0.318765899281,-0.511122568055,1.37021291911,-0.484152295635,-0.00536693240366,0.400778460391,0.263156945563,2.29382462531,0.913418131571
27,-0.15316926186,-0.15154975635,-0.152938660971,-0.9839671991,-2.02042081661,0.390368353607,-0.622451757639,0.63152667469,-0.074735140717,-1.63461473073,-2.62475603862,0.114707866935,0.0,0.29536674679,0.315987379858,0.0,0.0,0.114707866935,0.470318108,0.665383524152,0.402658926175,0.649623274693,0.0984289663864,-0.608936501007,-0.241689349112,0.0,0.69018054215,0.360914113581,0.29536674679,0.315987379858,0.0,0.0,0.114707866935,0.470318108,0.665383524152,-0.0992492709216,0.362790641674,0.372075862624,-0.154713186939,-0.342058463134,0.478015290203,0.641460783447,0.00558157653651,0.908666011743,0.0974821392681,-1.14184409926,0.00699463979771,-0.00536693240366,0.0377203256839,0.263156945563,-0.114062220676,1.02824119685
28,-0.15056100438,-0.15417590673,-0.409104359835,1.79641718001,0.0435579943879,0.575342896546,0.435286953273,-0.766709700902,-0.497225189378,-0.171064332286,-0.160046099916,0.114707866935,0.0,0.00204076517818,-0.0253918430243,0.0,0.0,0.114707866935,0.498111273246,0.538013651287,-0.448008271851,1.01791705894,-0.650661248729,1.12766018705,0.811711398903,0.0,0.854840191246,1.08885952911,0.00204076517818,-0.0253918430243,0.0,0.0,0.114707866935,0.498111273246,0.538013651287,0.0934110785144,0.406134131835,0.306153539978,-0.154713186939,-0.342058463134,0.715327845622,0.702476818438,-0.739558891088,0.331589814769,-0.603960574256,1.37021291911,-0.74367880129,-0.90075015508,0.582307527745,0.263156945563,-0.080059918084,0.634917362765
29,-0.197669032532,-0.159059905912,-0.89113658888,-0.752268500841,-0.472436708361,0.0204192677271,2.08800368907,0.942245869266,0.668264600032,1.29248606616,2.30466383879,0.114707866935,0.0,-0.343664856007,-0.180564217062,0.0,0.0,0.114707866935,-0.280097353652,-0.576472736276,-0.5907775918,-0.538961210831,-0.0337634245163,-0.608936501007,-0.241689349112,0.0,1.28707177012,0.917578254868,-0.343664856007,-0.180564217062,0.0,0.0,0.114707866935,-0.280097353652,-0.576472736276,-0.507922739422,-0.13565949518,0.0688331784514,-0.154713186939,-0.342058463134,-0.75600999798,-0.243271723926,-2.31077268612,0.959961673696,-0.652098799694,-1.14184409926,-2.31200026557,2.060902043,1.67148193187,0.263156945563,-0.080059918084,0.779187168158
30,-0.109683813541,-0.142742544711,-0.323715793547,-1.21566589736,-1.24642876248,-0.719478904032,0.63361296157,-0.53367030497,0.304049040841,-0.171064332286,-0.160046099916,0.114707866935,0.0,-0.249381504774,0.0521943439944,0.0,0.0,0.114707866935,-2.36458474713,-1.78648652849,0.420505091168,0.231107610776,-0.187987880569,1.12766018705,-0.241689349112,0.0,0.566685805329,-0.0672890720237,-0.249381504774,0.0521943439944,0.0,0.0,0.114707866935,-2.36458474713,-1.78648652849,-0.385320698872,0.449477621996,0.187493359215,-0.154713186939,-0.342058463134,-1.2780976199,-0.090731636448,0.0920960128524,0.421357223187,0.138743475358,0.532860579656,0.0948987788098,-0.0742425649172,0.0377203256839,0.263156945563,-0.623961828987,0.33112298303
31,-0.141837832142,-0.144904314841,-1.44203056493,0.406224990454,0.817550048511,-0.811966175502,0.435286953273,2.10744284893,-0.0455978959818,-0.171064332286,-0.160046099916,0.114707866935,0.0,0.473457521339,1.06081477524,0.0,0.0,0.114707866935,-0.44685634513,0.633541055936,-1.85190658468,-0.756589356068,-1.56499195247,-0.608936501007,1.16284498157,0.0,0.813675278972,1.02462905127,0.473457521339,1.06081477524,0.0,0.0,0.114707866935,-0.44685634513,0.633541055936,-0.0642201164787,0.319447151513,0.200677823744,-0.154713186939,-0.342058463134,-0.0678035872628,0.824508888421,-0.83165490394,-0.335253790623,-0.954681931019,-0.304491759803,-0.828792332714,-0.143118197431,0.763836595099,0.263156945563,-0.478953894752,0.688261046951
32,-0.168920238975,-0.165048809827,-0.0344964561194,0.637923688713,1.07554739988,-0.349529818152,0.369178283841,-0.766709700902,-0.584636923584,-0.171064332286,-0.160046099916,0.114707866935,0.0,-0.804605684253,-0.909874375038,0.0,0.0,0.114707866935,-0.752581162839,-0.385417926979,0.15876133793,0.147404477993,0.0984289663864,1.12766018705,-0.241689349112,0.0,0.484355980781,0.575015706384,-0.804605684253,-0.909874375038,0.0,0.0,0.114707866935,-0.752581162839,-0.385417926979,-0.0408673468501,-1.11088802381,0.161124430156,-0.154713186939,-0.342058463134,1.40353425634,0.763492853429,0.11163153073,1.26773564542,0.0562208031785,0.532860579656,0.115828335717,-0.349745094971,0.0377203256839,-3.53617145601,-0.0294917335894,0.493657187861
33,-0.170919903043,-0.142454308694,-0.54040075746,1.10132108523,1.33354475126,0.205393810667,1.16248231703,-0.0675915131058,-1.07997008408,-0.171064332286,-0.160046099916,0.114707866935,0.0,0.0439444768369,0.191849480628,0.0,0.0,0.114707866935,-1.30844446777,-2.83728797962,-0.108931136974,0.699845154363,-0.408308532074,1.12766018705,0.460577816231,0.0,-0.00962296650558,0.339503954301,0.0439444768369,0.191849480628,0.0,0.0,0.114707866935,-1.30844446777,-2.83728797962,-0.0467055392572,0.427805876916,0.134755501098,-0.154713186939,-0.342058463134,0.240702734783,-0.395811811404,-0.290241979899,0.126407166956,-0.504245678706,-0.304491759803,-0.292995675879,-0.0742425649172,0.400778460391,0.263156945563,0.537447991442,0.696946492675
34,-0.189873240731,-0.16306318393,0.622903688635,-0.288871104323,0.559552697136,-0.996940718441,-0.556343088207,-0.999749096834,-1.09453870645,-0.171064332286,-0.160046099916,0.114707866935,0.0,0.358222314278,0.083228818802,0.0,0.0,0.114707866935,-0.6692016671,-0.608315204492,1.79465979567,-0.739848729512,1.86099417842,-0.608936501007,-1.99735726247,0.0,0.0315419457683,-0.0886992313039,0.358222314278,0.083228818802,0.0,0.0,0.114707866935,-0.6692016671,-0.608315204492,-0.291909620358,-0.0273007697768,0.0820176429807,-0.154713186939,-0.342058463134,-1.08824757557,-0.578859916378,0.0837236480477,0.408533307699,0.733594403984,-1.14184409926,0.0837363484591,-0.143118197431,-0.869925011085,0.263156945563,-0.904640660869,-0.764379298347
35,-0.182033977972,-0.14791477991,0.701865158536,-0.752268500841,0.817550048511,-1.32064616859,-0.820777765936,0.0877680841822,-1.12367595119,-0.171064332286,-0.160046099916,0.114707866935,0.0,0.724879791292,0.533228703511,0.0,0.0,0.114707866935,0.109006959797,-1.08595222773,1.27712101086,-0.371554945265,2.05928276478,-0.608936501007,-1.99735726247,0.0,-0.647679106751,-1.11638687676,0.724879791292,0.533228703511,0.0,0.0,0.114707866935,0.109006959797,-1.08595222773,-0.274395043136,-0.0923160050186,0.00291085580516,-0.154713186939,-0.342058463134,-0.0678035872628,-0.365303793909,-0.145120989949,-0.0146559034152,0.781732629422,-1.14184409926,-0.146488777525,-0.143118197431,-0.869925011085,0.263156945563,-0.904640660869,-0.148084188232
36,-0.20205959929,-0.148491251945,0.536596965721,0.637923688713,0.0435579943878,0.714073803751,0.567504292138,1.71904385571,-0.919715238039,-1.63461473073,-0.160046099916,2.32283430544,0.0,-0.73127418885,0.114263293609,0.0,0.0,0.114707866935,-0.00216570118803,-1.34069197346,3.09148111854,1.26902645729,1.72880178752,-0.608936501007,-1.29509009713,0.0,0.484355980781,0.746296980626,-0.73127418885,0.114263293609,0.0,0.0,0.114707866935,-0.00216570118803,-1.34069197346,-0.0116763848143,0.0810579556261,0.187493359215,-0.154713186939,-0.342058463134,0.857715378874,-0.0602236189524,1.74145187939,0.575244209047,2.6728772002,-1.14184409926,1.73856664796,-0.0742425649172,-2.68521568462,0.263156945563,-0.904640660869,-0.664846083126
37,-0.156545506265,-0.137346125943,0.320830158434,0.174526292195,0.0435579943879,-0.811966175502,-0.358017079911,-0.300630909038,0.522578376356,-0.171064332286,-0.160046099916,0.114707866935,0.0,0.400126025936,0.315987379858,0.0,0.0,0.114707866935,-1.14168547629,0.155904032694,2.65127571536,-0.137186173471,4.10826482377,-0.608936501007,-3.75302517583,0.0,-0.400689633107,-0.923695443234,0.400126025936,0.315987379858,0.0,0.0,0.114707866935,-1.14168547629,0.155904032694,-0.420349853315,0.146073190868,0.0820176429807,-0.154713186939,-0.342058463134,0.976371656584,0.885524923412,-0.0362802474873,-0.501964691971,0.183443256122,-0.304491759803,-0.0390503853991,-0.969625787593,0.0377203256839,0.263156945563,-1.10152929487,0.459013219199
38,-0.186598428562,-0.139267699391,0.429172640391,0.406224990454,1.07554739988,1.26899743257,-0.358017079911,0.0877680841822,1.10532327106,-0.171064332286,-0.160046099916,0.114707866935,0.0,-0.427472279324,1.16943543706,0.0,0.0,0.114707866935,0.942801917188,0.951965738096,0.670351401078,-1.57688005735,3.71168765106,1.12766018705,-3.40189159316,0.0,-0.462437001518,-0.838054806113,-0.427472279324,1.16943543706,0.0,0.0,0.114707866935,0.942801917188,0.951965738096,-1.90908891714,1.2296604449,0.253415681861,-0.154713186939,3.36758965817,1.04756542321,0.427904660978,-1.10515215423,-0.142895058298,-0.0813169837871,1.37021291911,-1.1036671801,0.890016290272,0.219249393038,0.263156945563,-1.10152929487,0.314885595975
39,-0.231373515301,-0.185753763737,-0.100603733246,2.49151327479,0.0435579943879,-1.08942798991,-0.556343088207,0.786886271978,-0.11844100782,-0.171064332286,-0.160046099916,0.114707866935,0.0,-2.98359869051,-5.93745929385,0.0,0.0,0.114707866935,1.6098378831,0.283273905559,-2.77990716434,-4.20515842675,-0.176971847994,-0.608936501007,0.10944423356,0.0,-1.22398787858,-0.55972273547,-2.98359869051,-5.93745929385,0.0,0.0,0.114707866935,1.6098378831,0.283273905559,0.12260204055,0.622851582641,0.0424642493929,-0.154713186939,-0.342058463134,-0.281384887141,-0.182255688935,-0.759094408966,1.22926389895,-0.34951566837,1.37021291911,-0.759027143022,-0.00536693240366,0.219249393038,0.263156945563,-1.22534632626,-0.518507909412
40,-0.139432439132,-0.142470321806,0.397955315081,-0.9839671991,-0.730434059735,-0.210798910948,-0.291908410479,-0.222951110394,0.216637306635,-0.171064332286,-0.160046099916,0.114707866935,0.0,3.13434321167,0.23840119284,0.0,0.0,0.114707866935,0.859422421449,0.729068460584,-1.01908555164,0.180885731106,-0.760821574481,-0.608936501007,0.811711398903,0.0,-0.174282615601,0.0825820429381,3.13434321167,0.23840119284,0.0,0.0,0.114707866935,0.859422421449,0.729068460584,-0.315262389986,-0.13565949518,0.147939965627,-0.154713186939,-0.342058463134,0.786521612248,0.855016905916,-0.627927360358,0.164878913421,-0.765567473941,0.532860579656,-0.626473282607,-0.143118197431,0.582307527745,0.263156945563,-0.930940677612,-0.770100083971
41,-0.16274736294,-0.151357599006,-0.694651070755,0.174526292195,0.0435579943879,-0.118311639478,-0.424125749343,0.63152667469,0.114656950062,-0.171064332286,-0.160046099916,0.114707866935,0.0,-0.0503388743953,0.207366718032,0.0,0.0,0.114707866935,1.47087205687,1.14302054739,-0.561033983477,0.76680766059,-0.617613151003,-0.608936501007,0.811711398903,0.0,2.00745773491,1.32437128119,-0.0503388743953,0.207366718032,0.0,0.0,0.114707866935,1.47087205687,1.14302054739,-0.490408162201,-0.0923160050186,0.174308894685,-0.154713186939,-0.342058463134,0.359359012493,-0.365303793909,-0.602810265943,-0.117247227322,-0.638345020998,-0.304491759803,-0.604148421906,-0.0742425649172,0.582307527745,0.263156945563,-0.246817513631,-0.86510263201
42,-0.144547521857,-0.155729178601,1.43271783343,-0.752268500841,-1.24642876248,0.251637446402,-2.34127716287,-0.766709700902,2.08142096969,-0.171064332286,-0.160046099916,0.114707866935,0.0,0.326794530534,0.378056329473,0.0,0.0,0.114707866935,0.442524942754,0.888280801664,-0.561033983477,0.180885731106,-0.595581085853,-0.608936501007,0.460577816231,0.0,0.937170015793,1.08885952911,0.326794530534,0.378056329473,0.0,0.0,0.114707866935,0.442524942754,0.888280801664,-0.945787169959,-0.764140102517,-0.43217647366,-0.154713186939,-0.342058463134,-0.922128786774,-0.090731636448,1.80284922129,0.934313842719,2.77603054042,-1.14184409926,1.7971694073,-0.0742425649172,-3.22980288668,0.263156945563,-0.428022344638,-1.89256998461
43,-0.157125119038,-0.154816431213,0.78266294169,0.406224990454,1.59154210263,-0.303286182417,-1.61408179912,-0.766709700902,0.0855197053268,-0.171064332286,-0.160046099916,0.114707866935,0.0,0.0648963326663,0.0521943439944,0.0,0.0,0.114707866935,1.35969939588,0.824595865232,-0.382572333541,0.51569826224,-0.518468857826,-0.608936501007,0.10944423356,0.0,0.381443700096,0.2324531579,0.0648963326663,0.0521943439944,0.0,0.0,0.114707866935,1.35969939588,0.824595865232,-0.84069970663,-0.677453122195,-0.511283260836,-0.154713186939,-0.342058463134,-2.98674801893,-3.17204140351,1.94797021124,0.613715955512,3.11643656316,-0.304491759803,1.94925752083,-0.00536693240366,-3.41133195404,0.263156945563,-0.428022344638,-2.58155715659
44,-0.159617453964,-0.162342593887,0.885496483887,0.869622386972,0.559552697136,-0.580747996827,-1.08521244366,-1.07742889548,-0.701185902525,-0.171064332286,-0.160046099916,0.114707866935,0.0,-0.57413527013,-0.242633166677,0.0,0.0,0.114707866935,1.85997637032,1.65250003885,-0.489649323503,0.4152545029,-0.848949835083,2.86425687511,0.811711398903,0.0,-0.133117703327,-0.152929709145,-0.57413527013,-0.242633166677,0.0,0.0,0.114707866935,1.85997637032,1.65250003885,-0.910758015516,-0.785811847597,-0.484914331777,-0.154713186939,-0.342058463134,1.52219053405,1.55670130832,1.93959784644,0.985609504673,2.70038475759,0.532860579656,1.93809509048,0.132384332623,-3.04827381933,0.263156945563,-0.428022344638,-1.84457033981
45,-0.195727329742,-0.132526179209,-1.27217158898,0.406224990454,0.0435579943879,-0.349529818152,1.82356901135,0.63152667469,0.770244956605,1.29248606616,2.30466383879,0.114707866935,0.0,-0.322713000177,0.0521943439944,0.0,0.0,0.114707866935,-0.307890518898,-0.162520649466,0.0992741212845,-0.086964293801,0.52805423682,-0.608936501007,-0.592822931783,0.0,-0.421272089244,-0.259980505546,-0.322713000177,0.0521943439944,0.0,0.0,0.114707866935,-0.307890518898,-0.162520649466,-0.344453352022,-0.0489725148574,0.121571036568,-0.154713186939,-0.342058463134,-0.423772420392,-0.182255688935,-0.106049954194,-0.258310297693,0.180004811447,0.532860579656,-0.106024967504,-0.143118197431,-0.14380874167,0.263156945563,1.22347340009,0.91444158042
46,-0.160660756956,-0.167274632405,0.871724134485,-2.1424606904,-0.988431411109,0.806561075221,-1.48186446026,0.942245869266,-0.074735140717,-1.63461473073,-2.62475603862,0.114707866935,0.0,0.337270458448,0.502194228703,0.0,0.0,0.114707866935,-0.6692016671,-0.735685077356,0.295581936214,-0.371554945265,-0.375260434348,-0.608936501007,0.10944423356,0.0,-1.34748261541,-0.495492257629,0.337270458448,0.502194228703,0.0,0.0,0.114707866935,-0.6692016671,-0.735685077356,-0.0525437316644,-0.265689965663,0.0952021075099,-0.154713186939,0.770835973259,0.478015290203,-0.975464143821,0.0334894592191,-0.0146559034152,-0.170716545315,-1.14184409926,0.0321101080869,1.44102135038,0.219249393038,0.263156945563,1.13099783679,1.22439564197
47,-0.123174300841,-0.172767129846,1.57135948407,-0.752268500841,0.0435579943879,1.77767742565,-1.68019046855,0.0877680841822,-0.526362434113,-3.09816512917,-2.62475603862,2.32283430544,0.0,-0.197001865201,0.0211598691869,0.0,0.0,0.114707866935,-1.58637612023,-1.2133221006,0.759582226046,-0.857033115408,0.076396901236,-0.608936501007,-0.592822931783,0.0,0.0727068580422,0.27527347646,-0.197001865201,0.0211598691869,0.0,0.0,0.114707866935,-1.58637612023,-1.2133221006,0.128440232957,-0.309033455825,0.147939965627,-0.154713186939,-0.342058463134,0.169508968157,-0.91444810883,-0.0474434005604,-0.181366804763,-0.0881938731354,0.532860579656,-0.0460269043683,1.57877261541,-0.14380874167,0.263156945563,1.13099783679,0.340422644082
48,-0.159588473325,-0.163031157706,1.52177902623,-1.44736459562,-2.02042081661,1.0377792539,-1.34964712139,-0.300630909038,-0.570068301216,-0.171064332286,-0.160046099916,0.114707866935,0.0,-0.333188928092,-0.0719435552356,0.0,0.0,0.114707866935,0.553697603739,0.506171183071,0.164710059594,-0.522220584275,-0.298148206322,-0.608936501007,0.10944423356,0.0,0.69018054215,0.489375069263,-0.333188928092,-0.0719435552356,0.0,0.0,0.114707866935,0.553697603739,0.506171183071,-0.396997083686,0.471149367077,0.306153539978,-0.154713186939,1.51276559752,-1.11197883111,-0.0602236189524,0.114422318998,0.459828969652,-0.229170104775,-0.304491759803,0.117223639511,1.16551882033,0.219249393038,0.263156945563,1.13099783679,0.532014260626
49,-0.170644586976,-0.147898766798,0.0756823390909,0.174526292195,-0.214439356986,-0.0720680037427,-0.159691071615,-0.378310707682,-0.293264476231,-0.171064332286,-0.160046099916,0.114707866935,0.0,-0.385568567665,0.4866769913,0.0,0.0,0.114707866935,-0.196717857912,-0.576472736276,-0.697854581761,0.950954552714,-1.02520635629,1.12766018705,1.51397856425,0.0,0.751927910561,0.660656343505,-0.385568567665,0.4866769913,0.0,0.0,0.114707866935,-0.196717857912,-0.576472736276,0.303586005172,0.189416681029,0.240231217332,-0.154713186939,-0.342058463134,-0.0678035872628,0.794000870925,-0.990729835231,0.152054997933,-1.33978773452,0.532860579656,-0.9906475728,-0.143118197431,0.945365662452,0.263156945563,-0.620693905635,0.454591993006
50,-0.166109117025,-0.150701061411,0.393364531947,-0.520569802582,0.301555345762,0.436611989342,0.0386349366811,-0.53367030497,0.391460775047,-0.171064332286,-0.160046099916,0.114707866935,0.0,-0.616038981789,-0.289184878888,0.0,0.0,0.114707866935,1.22073356965,1.17486301561,0.134966451272,0.36503262323,-0.276116141171,-0.608936501007,0.460577816231,0.0,-0.174282615601,-0.645363372591,-0.616038981789,-0.289184878888,0.0,0.0,0.114707866935,1.22073356965,1.17486301561,-0.338615159615,-0.113987750099,0.108386572039,-0.154713186939,-0.342058463134,-1.15944134219,-0.121239653944,-0.357220898337,0.318765899281,-0.432038340549,0.532860579656,-0.357179650395,-0.0742425649172,0.400778460391,0.263156945563,-0.708837290685,0.09215674521
51,-0.166094626705,-0.143335029857,0.280431266857,-0.752268500841,0.0435579943878,0.714073803751,-0.9529951048,0.476167077402,0.347754907944,-0.171064332286,-0.160046099916,0.114707866935,0.0,0.148703755984,0.0366771065907,0.0,0.0,0.114707866935,-0.0577520316807,-0.258048054115,0.729838617723,0.632882648137,0.517038204245,-0.608936501007,-0.592822931783,0.0,0.875422647383,1.11026968839,0.148703755984,0.0366771065907,0.0,0.0,0.114707866935,-0.0577520316807,-0.258048054115,-0.116763848143,0.0810579556261,0.187493359215,-0.154713186939,-0.342058463134,-0.661084975812,0.305872590995,-0.139539413413,0.113583251468,0.138743475358,-1.14184409926,-0.142302866144,-0.349745094971,-0.14380874167,0.263156945563,-0.0479663699538,0.503193904992
52,0.0936153667028,-0.0160307888841,3.59222221955,0.869622386972,1.07554739988,2.19387014727,-3.33290720435,-1.4658278887,0.304049040841,-1.63461473073,-0.160046099916,2.32283430544,0.0,-1.03507609838,-0.940908849846,0.0,0.0,0.114707866935,1.16514723916,1.11117807918,0.271787049555,-0.086964293801,0.682278692873,1.12766018705,-0.943956514455,0.0,1.06066475261,0.789117299187,-1.03507609838,-0.940908849846,0.0,0.0,0.114707866935,1.16514723916,1.11117807918,-0.566304663494,-0.222346475502,-0.0234580732533,-0.154713186939,-0.342058463134,2.04427815597,2.07533760574,0.131167048608,0.305941983792,0.38974993657,0.532860579656,0.13117667745,-0.280869462458,-0.506866876377,0.263156945563,-0.0479663699538,0.688398847224
53,-0.20858024299,-0.151902044816,-1.73216805899,0.637923688713,-1.24642876248,1.40772833978,-0.159691071615,1.33064486249,0.624558732929,-1.63461473073,-0.160046099916,2.32283430544,0.0,0.745831647121,0.98322858822,0.0,0.0,0.114707866935,-1.28065130252,-1.27700703703,-0.39446977687,-0.0702236672443,-1.21247891007,-0.608936501007,0.811711398903,0.0,-0.997580861078,-1.78010181444,0.745831647121,0.98322858822,0.0,0.0,0.114707866935,-1.28065130252,-1.27700703703,0.0934110785145,0.189416681029,0.227046752802,-0.154713186939,0.770835973259,0.905177889958,0.977048975899,-0.36838405141,0.190526744398,-0.865282369491,0.532860579656,-0.365551473158,1.71652388043,0.582307527745,0.263156945563,0.615098553189,0.849138871378
54,-0.187207021974,-0.139379791176,-0.361360215243,1.79641718001,0.817550048511,-0.534504361092,-0.225799741047,-0.300630909038,1.11989189343,-0.171064332286,-0.160046099916,0.114707866935,0.0,-0.825557540082,-0.366771065907,0.0,0.0,0.114707866935,-0.863753823825,-0.86305495022,0.991582370962,0.683104527807,0.219605324714,-0.608936501007,-0.592822931783,0.0,-0.894668580394,-1.43753926596,-0.825557540082,-0.366771065907,0.0,0.0,0.114707866935,-0.863753823825,-0.86305495022,-0.437864430536,0.0593862105455,0.161124430156,-0.154713186939,-0.342058463134,0.739059101164,0.54993673096,0.203727543583,0.267470237328,0.327857932435,-1.14184409926,0.202337170936,-0.211993829944,-0.14380874167,0.263156945563,0.956628106366,0.908301943391
55,-0.206247301578,-0.144423921478,-0.365950998377,-0.288871104323,-0.472436708361,-0.395773453887,0.831938969866,1.71904385571,2.08142096969,-0.171064332286,-0.160046099916,0.114707866935,0.0,-0.249381504774,-1.32883978494,0.0,0.0,0.114707866935,1.49866522211,1.33407535669,-0.192213240277,0.231107610776,-0.066811522242,-0.608936501007,0.10944423356,0.0,0.916587559656,0.575015706384,-0.249381504774,-1.32883978494,0.0,0.0,0.114707866935,1.49866522211,1.33407535669,0.0350291544429,-0.13565949518,0.200677823744,-0.154713186939,-0.342058463134,0.0745839459891,-0.517843881387,-0.376756416215,-0.28395812867,-0.287623664235,-0.304491759803,-0.379504511097,-0.143118197431,0.219249393038,0.263156945563,-0.689533541576,0.86998188856
56,-0.167645090874,-0.12967584526,-0.0106243838239,0.174526292195,-0.214439356986,-0.0720680037427,0.898047639298,0.553846876046,0.245774551371,1.29248606616,2.30466383879,0.114707866935,0.0,-0.0817666581393,0.471159753896,0.0,0.0,0.114707866935,0.609283934232,0.824595865232,0.09332539962,0.66636390125,-0.0447794570915,-0.608936501007,0.10944423356,0.0,0.998917384204,1.70975414824,-0.0817666581393,0.471159753896,0.0,0.0,0.114707866935,0.609283934232,0.824595865232,-0.128440232957,0.861240778527,0.292969075449,-0.154713186939,-0.342058463134,-0.494966187018,0.397396643482,-0.343266956995,0.447005054164,-0.304815887606,-0.304491759803,-0.340436004869,-0.0742425649172,0.219249393038,0.263156945563,0.801066590592,0.956932955198
57,-0.192582930446,-0.178451784632,0.763381652529,0.869622386972,0.301555345762,-0.395773453887,-0.358017079911,-0.53367030497,0.0272452158563,-0.171064332286,-0.160046099916,0.114707866935,0.0,-2.86836348345,-3.31504617262,0.0,0.0,-8.71779788708,-0.6692016671,-0.86305495022,-2.58359934941,-2.36368950551,-0.705741411605,-0.608936501007,0.460577816231,0.0,-1.82087910656,-1.0735665582,-2.86836348345,-3.31504617262,0.0,0.0,-8.71779788708,-0.6692016671,-0.86305495022,0.361967929244,0.536164602318,0.174308894685,-0.154713186939,-0.342058463134,0.430552779119,-0.4263198289,-0.644672089967,1.63962919458,-0.428599895875,-1.14184409926,-0.643216928133,0.0635087001099,0.400778460391,0.263156945563,-0.515361275314,0.629174523049
58,-0.150532023742,-0.139347764952,-1.12159390219,0.637923688713,1.07554739988,0.251637446402,0.0386349366811,0.165447882826,-0.307833098599,-0.171064332286,-0.160046099916,0.114707866935,0.0,0.494409377169,0.61081489053,0.0,0.0,0.114707866935,0.831629256202,0.346958841991,-0.632418643451,0.51569826224,-0.782853639632,-0.608936501007,0.811711398903,0.0,-0.812338755846,-0.388441461228,0.494409377169,0.61081489053,0.0,0.0,0.114707866935,0.831629256202,0.346958841991,0.648039357194,-0.0489725148574,0.0952021075099,-0.154713186939,-0.342058463134,1.68830932284,1.6787333783,-0.680952337454,0.126407166956,-0.820582588727,1.37021291911,-0.675308915392,-0.00536693240366,0.582307527745,0.263156945563,-0.255615814341,0.0620779544941
59,-0.180353100929,-0.15371152648,0.241868688533,-1.44736459562,-0.214439356986,-0.0720680037427,-0.424125749343,0.398487278758,-0.934283860407,-0.171064332286,-0.160046099916,0.114707866935,0.0,-2.41789858312,-1.18918464831,0.0,0.0,0.114707866935,0.192386455536,-1.0222672913,0.598966741104,0.532438888796,0.495006139095,-0.608936501007,-0.592822931783,0.0,0.854840191246,0.0183515650974,-2.41789858312,-1.18918464831,0.0,0.0,0.114707866935,0.192386455536,-1.0222672913,-0.321100582393,0.189416681029,0.0688331784514,-0.154713186939,-0.342058463134,0.549209056829,0.488920695969,0.00279078826826,0.10075933598,0.314104153739,-0.304491759803,-0.00277248675919,-0.143118197431,-0.14380874167,0.263156945563,-0.684224497679,-0.186193500332
60,-0.146619637522,-0.15579323105,-0.589063058678,-0.057172406064,-0.472436708361,-0.0258243680078,0.435286953273,0.709206473334,-1.12367595119,-0.171064332286,-0.160046099916,0.114707866935,0.0,-0.186525937286,0.0211598691869,0.0,0.0,0.114707866935,0.16459329029,-0.385417926979,0.361017874523,0.61614202158,0.142493096687,-0.608936501007,-0.241689349112,0.0,1.41056650694,1.92385574104,-0.186525937286,0.0211598691869,0.0,0.0,0.114707866935,0.16459329029,-0.385417926979,-0.0291909620358,0.102729700707,0.147939965627,-0.154713186939,-0.342058463134,-0.138997353889,-0.243271723926,-0.270706462021,0.0879354204912,-0.0606863157423,-0.304491759803,-0.272066118971,-0.143118197431,0.0377203256839,0.263156945563,2.70546934218,-0.696783120349
61,-0.221665001348,-0.172767129846,-0.717604986423,-0.288871104323,-1.50442611386,-0.349529818152,0.501395622706,-0.300630909038,-0.817734881466,-0.171064332286,-0.160046099916,0.114707866935,0.0,-0.197001865201,0.579780415722,0.0,0.0,0.114707866935,0.498111273246,0.856438333448,-0.15652091029,1.08487956517,-0.562532988127,-0.608936501007,0.811711398903,0.0,0.587268261465,1.81680494464,-0.197001865201,0.579780415722,0.0,0.0,0.114707866935,0.498111273246,0.856438333448,-0.105087463329,0.319447151513,0.279784610919,-0.154713186939,-0.342058463134,1.3798030008,0.794000870925,-0.627927360358,0.190526744398,-0.772444363289,0.532860579656,-0.625077978813,-0.0742425649172,0.582307527745,0.263156945563,1.40697579861,0.674194745502
62,-0.118276572906,-0.223480655778,-0.264953769434,-0.752268500841,-0.730434059735,1.31524106831,-0.093582402183,-0.14527131175,2.35822479468,-0.171064332286,-0.160046099916,0.114707866935,0.0,-0.657942693447,-0.568495152156,0.0,0.0,0.114707866935,-0.44685634513,-0.13067818125,0.961838762639,-3.38486772547,-0.893013965384,-0.608936501007,1.16284498157,0.0,-0.956415948805,-0.281390664826,-0.657942693447,-0.568495152156,0.0,0.0,0.114707866935,-0.44685634513,-0.13067818125,-0.519599124237,-1.08921627873,-0.128933789487,-0.154713186939,-0.342058463134,-0.162728609431,0.763492853429,1.12468767211,-1.36116702969,0.606371951041,-1.14184409926,1.12044706728,-0.143118197431,-0.14380874167,0.263156945563,-0.501334612862,-2.58155715659
63,-0.151459404179,-0.185369449047,1.27112226712,-0.520569802582,-0.472436708361,0.667830168016,-1.28353845196,1.56368425842,-0.249558609129,-0.171064332286,-0.160046099916,0.114707866935,0.0,-0.500803774727,-0.847805425423,0.0,0.0,0.114707866935,-0.502442675622,0.219588969126,1.10460808259,-2.11258010716,1.47543303829,-0.608936501007,-1.99735726247,0.0,-0.544766826066,0.25386331718,-0.500803774727,-0.847805425423,0.0,0.0,0.114707866935,-0.502442675622,0.219588969126,-0.478731777387,-0.590766141872,0.187493359215,-0.154713186939,-0.342058463134,1.3798030008,1.22111311586,2.31914505092,-0.271134213181,2.19493339049,-1.14184409926,2.32459424137,0.27013559765,-1.95909941521,0.263156945563,-0.501334612862,0.374063286644
64,-0.14273623194,-0.206987150344,1.06361886948,-1.44736459562,-0.730434059735,2.51757559741,-0.225799741047,-0.378310707682,2.47477377362,-0.171064332286,-0.160046099916,0.114707866935,0.0,0.138227828069,-0.0719435552356,0.0,0.0,0.114707866935,-0.391270014637,-0.353575458763,1.44963393913,-0.639404970172,0.7593909209,-0.608936501007,0.460577816231,0.0,0.402026156233,0.146812520779,0.138227828069,-0.0719435552356,0.0,0.0,0.114707866935,-0.391270014637,-0.353575458763,-0.326938774801,-0.829155337759,0.108386572039,-0.154713186939,-0.342058463134,0.00339017936314,0.397396643482,1.64935586654,-1.22010395932,1.73074335948,-1.14184409926,1.64647659756,0.201259965137,-0.869925011085,0.263156945563,-0.501334612862,-0.613615160813
65,-0.131433782861,-0.162887039698,-0.530301034566,1.10132108523,1.33354475126,-1.04318435418,0.699721631002,-1.07742889548,-0.890577993304,-0.171064332286,-0.160046099916,0.114707866935,0.0,-0.626514909703,0.129780531013,0.0,0.0,0.114707866935,1.69321737884,1.90723978458,0.265838327891,0.348291996673,-0.187987880569,-0.608936501007,0.460577816231,0.0,-0.730008931298,-1.69446117732,-0.626514909703,0.129780531013,0.0,0.0,0.114707866935,1.69321737884,1.90723978458,4.47205538388,-2.54122319913,0.385260327154,-0.154713186939,-0.342058463134,1.11875918984,0.580444748456,1.22515604976,-1.1303365509,-0.432038340549,-1.14184409926,1.22509485182,-2.69151660043,0.400778460391,-3.95831905618,0.00604767264088,0.237591376228
66,-0.122261410723,-0.158163171636,-0.209864371829,0.637923688713,-0.214439356986,-1.13567162565,0.898047639298,-1.23278849277,-1.66271497879,-0.171064332286,-0.160046099916,0.114707866935,0.0,-0.500803774727,0.222883955436,0.0,0.0,0.114707866935,-1.30844446777,-0.767527545572,0.170658781259,0.314810743559,0.076396901236,-0.608936501007,0.10944423356,0.0,-1.01816331722,-0.152929709145,-0.500803774727,0.222883955436,0.0,0.0,0.114707866935,-1.30844446777,-0.767527545572,4.42534984462,-3.0180015909,0.306153539978,-0.154713186939,-0.342058463134,-0.352578653766,-0.243271723926,1.3451599453,-1.42528660713,-0.122578319877,-1.14184409926,1.34788158568,-2.82926786546,0.219249393038,-3.95831905618,0.00604767264088,-0.333129677458
67,-0.130694776575,-0.165497176965,-0.28607137185,0.637923688713,0.817550048511,-0.303286182417,0.170852275545,-0.766709700902,0.522578376356,-0.171064332286,-0.160046099916,0.114707866935,0.0,-0.092242586054,0.269435667647,0.0,0.0,0.114707866935,0.081213794551,0.18774650091,0.438351256162,0.130663851436,0.373829780767,-0.608936501007,-0.241689349112,0.0,0.299113875548,0.21104299862,-0.092242586054,0.269435667647,0.0,0.0,0.114707866935,0.081213794551,0.18774650091,2.02001457288,-2.47620796388,0.319338004507,-0.154713186939,-0.342058463134,0.549209056829,0.519428713464,0.923750916793,-0.88668215662,-0.143208987922,0.532860579656,0.925104536147,-0.556371992512,0.0377203256839,0.263156945563,0.00604767264088,0.101437455228
68,-0.157342473828,-0.153375251127,-1.218000348,1.10132108523,1.07554739988,-0.996940718441,1.36080832532,-0.222951110394,-0.526362434113,-0.171064332286,-0.160046099916,0.114707866935,0.0,-0.259857432689,0.61081489053,0.0,0.0,0.114707866935,0.942801917188,1.04749314274,-0.281444065245,0.51569826224,-0.937078095685,-0.608936501007,0.811711398903,0.0,-0.338942264697,0.0183515650974,-0.259857432689,0.61081489053,0.0,0.0,0.114707866935,0.942801917188,1.04749314274,2.7789795858,-2.43286447372,0.292969075449,-0.154713186939,-0.342058463134,-0.40004116485,-0.243271723926,1.11073373077,-1.29704745225,-0.59020679556,-1.14184409926,1.11347054832,-1.5206308477,0.582307527745,-3.95831905618,0.00604767264088,0.247894038854
69,-0.131998905315,-0.174944913088,0.410809507856,-1.91076199214,-2.27841816798,-0.950697082706,-0.490234418775,-1.4658278887,-0.876009370937,-0.171064332286,-0.160046099916,0.114707866935,0.0,2.27531712267,-0.211598691869,0.0,0.0,0.114707866935,-1.41961712875,-1.37253444168,-0.697854581761,0.0469607186525,-0.287132173746,1.12766018705,0.10944423356,0.0,-0.256612440149,-0.409851620508,2.27531712267,-0.211598691869,0.0,0.0,0.114707866935,-1.41961712875,-1.37253444168,0.706421281266,1.2296604449,-0.0761959313704,-0.154713186939,-0.342058463134,1.6645780673,1.28212915085,0.108840742462,-3.34887393037,0.34848860048,0.532860579656,0.0990846901914,-1.5206308477,-0.14380874167,0.263156945563,-0.995015529016,-1.82327689854
70,-0.13947591009,-0.178419758408,0.697274375402,-1.67906329388,-1.24642876248,-0.811966175502,-0.490234418775,-1.69886728463,-1.10910732882,-0.171064332286,-0.160046099916,0.114707866935,0.0,2.09722634812,-1.04952951167,0.0,0.0,0.114707866935,-0.863753823825,-0.0988357130343,-1.18564975825,-0.187408053141,-0.749805541906,1.12766018705,0.460577816231,0.0,0.15503668259,0.553605547104,2.09722634812,-1.04952951167,0.0,0.0,0.114707866935,-0.863753823825,-0.0988357130343,0.432026238129,1.94482803256,-0.168487183075,-0.154713186939,-0.342058463134,-0.328847398225,0.122824486021,0.0474434005604,-2.70767815596,0.207512368841,0.532860579656,0.0502490574068,-0.280869462458,0.0377203256839,0.263156945563,-0.995015529016,-1.52890610606
71,-0.11514666393,-0.199813276136,1.06912780924,-1.21566589736,-2.27841816798,-0.858209811237,-1.01910377423,-3.71854204937,1.80461714471,-0.171064332286,-0.160046099916,0.114707866935,0.0,2.97720429295,-2.25987402917,0.0,0.0,0.114707866935,0.442524942754,-0.0988357130343,-0.602675035129,0.164145104549,-0.154939782844,1.12766018705,-0.241689349112,0.0,-2.04728612406,-1.822922133,2.97720429295,-2.25987402917,0.0,0.0,0.114707866935,0.442524942754,-0.0988357130343,0.467055392572,0.96959950393,-0.115749324958,-0.154713186939,-0.342058463134,0.430552779119,0.427904660978,0.0167447296095,-2.69485424047,0.135305030684,0.532860579656,0.0209476777361,-1.72725774524,-0.14380874167,0.263156945563,-0.995015529016,-2.58155715659
72,-0.117450624704,-0.165128875388,-0.712096046663,-1.44736459562,-1.24642876248,-0.673235268297,-0.0274737327509,-1.31046829141,-0.264127231496,-0.171064332286,-0.160046099916,0.114707866935,0.0,3.01910800461,-0.165046979658,0.0,0.0,0.114707866935,-0.613615336608,-0.385417926979,-0.561033983477,0.197626357663,-0.408308532074,-0.608936501007,-0.241689349112,0.0,-0.956415948805,-0.731004009712,3.01910800461,-0.165046979658,0.0,0.0,0.114707866935,-0.613615336608,-0.385417926979,-2.47539358063,1.83646930715,-8.56699108821,3.81625861116,-0.342058463134,-0.376309909308,0.702476818438,-0.011163153073,-3.92595012735,0.0974821392681,-0.304491759803,-0.0111443095223,-1.5206308477,0.0377203256839,0.263156945563,-0.995015529016,-2.58155715659
73,-0.173542650843,-0.139571948521,-1.62198926377,0.406224990454,-0.214439356986,0.297881082137,1.55913433362,1.48600445977,-0.395244832805,-0.171064332286,-0.160046099916,0.114707866935,0.0,0.421077881766,1.15391819966,0.0,0.0,0.114707866935,0.192386455536,-0.449102863411,-2.04821439961,2.25672342414,-1.19044684491,1.12766018705,1.16284498157,0.0,-2.43835279066,-1.92997292941,0.421077881766,1.15391819966,0.0,0.0,0.114707866935,0.192386455536,-0.449102863411,0.227689503879,-0.439063926308,-0.128933789487,-0.154713186939,-0.342058463134,-1.34929138653,-0.91444810883,-0.594437901139,0.0109919275614,-0.796513476008,2.20756525857,-0.597171902936,0.132384332623,0.763836595099,0.263156945563,-0.462829496173,0.081483604344
74,-0.134520220879,-0.170381176147,0.199633483702,-1.91076199214,-1.24642876248,-0.0720680037427,-1.1513211131,-1.4658278887,-0.803166259098,-0.171064332286,-0.160046099916,0.114707866935,0.0,-0.207477793116,-0.180564217062,0.0,0.0,0.114707866935,0.136800125044,0.665383524152,-0.507495488496,0.398513876343,-0.562532988127,-0.608936501007,0.811711398903,0.0,1.78105071741,2.26641828952,-0.207477793116,-0.180564217062,0.0,0.0,0.114707866935,0.136800125044,0.665383524152,-0.344453352022,0.0377144654649,0.213862288273,-0.154713186939,-0.342058463134,1.07129667875,0.702476818438,-0.485597158677,-0.181366804763,-0.555822348818,-0.304491759803,-0.481361688047,-0.00536693240366,0.582307527745,0.263156945563,-0.0216484019173,-0.0711174102177
75,-0.1718617738,-0.172094579139,-1.23728163717,-0.520569802582,0.0435579943879,-1.13567162565,0.0386349366811,0.0877680841822,1.20730362763,-0.171064332286,-0.160046099916,0.114707866935,0.0,0.316318602619,0.191849480628,0.0,0.0,0.114707866935,0.525904438493,-0.258048054115,-0.715700746754,0.164145104549,-0.386276466924,-0.608936501007,0.811711398903,0.0,0.854840191246,1.30296112191,0.316318602619,0.191849480628,0.0,0.0,0.114707866935,0.525904438493,-0.258048054115,2.09591107417,-2.67125366961,-0.511283260836,-0.154713186939,-0.342058463134,-1.56287268641,-2.10426079116,-0.834445692209,-0.117247227322,-0.937489707648,-1.14184409926,-0.831582940302,-0.00536693240366,0.582307527745,0.263156945563,-0.993339549491,0.410154292747
76,-0.190684698614,-0.13995626321,-0.400840950194,0.174526292195,1.33354475126,0.251637446402,0.236960944977,-0.14527131175,-0.803166259098,-0.171064332286,-0.160046099916,0.114707866935,0.0,0.0229926210076,0.253918430243,0.0,0.0,0.114707866935,-0.307890518898,0.538013651287,-0.382572333541,0.833770166817,-0.595581085853,-0.608936501007,0.811711398903,0.0,0.319696331685,-0.538312576189,0.0229926210076,0.253918430243,0.0,0.0,0.114707866935,-0.307890518898,0.538013651287,-0.420349853315,0.319447151513,0.227046752802,-0.154713186939,-0.342058463134,0.216971479241,0.0313004335345,-0.410245875434,0.626539871,-0.576453016863,0.532860579656,-0.407410586974,0.132384332623,0.400778460391,0.263156945563,-0.993339549491,0.7853504659
