,total_score,fa_rep,hbond_sc,tot_pstat_pm,tot_nlpstat_pm,tot_burunsat_pm,tot_hbond_pm,tot_NLconts_pm,tot_nlsurfaceE_pm,tot_total_charge,tot_total_pos_charges,tot_total_neg_charges,tot_seq_recovery,SR_1_total_score,SR_1_fa_rep,SR_1_hbond_sc,SR_1_hbond_pm,SR_1_burunsat_pm,SR_1_pstat_pm,SR_1_nlpstat_pm,SR_2_total_score,SR_2_fa_rep,SR_2_hbond_sc,SR_2_all_cst,SR_2_hbond_pm,SR_2_burunsat_pm,SR_2_pstat_pm,SR_2_nlpstat_pm,SR_3_total_score,SR_3_fa_rep,SR_3_hbond_sc,SR_3_hbond_pm,SR_3_burunsat_pm,SR_3_pstat_pm,SR_3_nlpstat_pm,SR_4_total_score,SR_4_fa_rep,SR_4_hbond_sc,SR_4_hbond_pm,SR_4_burunsat_pm,SR_4_pstat_pm,SR_4_nlpstat_pm,SR_5_total_score,SR_5_fa_rep,SR_5_hbond_sc,SR_5_all_cst,SR_5_interf_E_1_2,SR_5_dsasa_1_2,SR_5_hbond_pm,SR_5_burunsat_pm,distance,km
0,-0.169692324082,-0.149753032382,-2.09596973472,-0.348406778403,0.521981602053,-1.14431914389,1.57797974644,0.739871827283,0.165438648775,-0.161426862454,-0.168073161363,0.0929813591061,0.0,0.392664817013,0.176232573268,0.0,0.0,0.120385853086,-1.23060527006,-1.24244285725,-0.192651036869,0.181339177902,-0.229888758555,-0.593659592858,0.136082763488,0.0,-0.388851281657,-1.18349759309,0.392664817013,0.176232573268,0.0,0.0,0.120385853086,-1.23060527006,-1.24244285725,-0.221151075379,0.0374981324637,-0.625082775975,-0.120385853086,-0.360871323778,-2.50473747694,-2.17578978084,-0.129625038435,0.135401817107,-0.0275750072784,-1.13366967806,-0.13276332238,-0.195007370199,0.0710299025548,0.276962001833,0.731488884793,-0.510559319287
1,-0.198082537876,-0.152490284511,-0.87881739021,0.580677964005,0.521981602053,-0.30359487491,0.215134808121,0.399141380508,-1.24493142874,-0.161426862454,-0.168073161363,0.0929813591061,0.0,0.322842961321,0.361045758718,0.0,0.0,0.120385853086,-0.621629654412,-0.363947907679,-0.302102501643,-0.114268523062,-0.272601998366,-0.593659592858,0.136082763488,0.0,0.220699376076,-0.143160139399,0.322842961321,0.361045758718,0.0,0.0,0.120385853086,-0.621629654412,-0.363947907679,0.0404254653919,0.387480702125,0.580055626859,-0.120385853086,-0.360871323778,-0.081253825063,0.362096211155,-0.0478795187012,-0.0946498139002,-0.203052326323,-0.315557539253,-0.0494634870968,-0.741028006756,0.0710299025548,0.276962001833,-0.932185897896,0.797135542277
2,-0.108210156265,-0.100757748449,0.807754989608,0.580677964005,1.05931560417,1.19102604772,-0.193718673376,0.654689215589,-0.0539522521717,-0.161426862454,-0.168073161363,0.0929813591061,0.0,-0.340464667757,0.561260042955,0.0,0.0,0.120385853086,2.2848448748,2.2401621214,2.71645368476,3.10263881096,1.35050111446,3.01992053758,-0.544331053952,0.0,-1.48183866794,-1.05610933345,-0.340464667757,0.561260042955,0.0,0.0,0.120385853086,2.2848448748,2.2401621214,-0.458947930625,-0.0499975099516,-0.625082775975,-0.120385853086,-0.360871323778,1.50142937616,1.83985261156,0.552635645496,1.27032319674,1.30521701118,0.50255459955,0.550924004945,-0.195007370199,-0.639269122993,0.276962001833,-0.932185897896,-0.552825228105
3,-0.164105550398,-0.143758603136,-0.765637065492,0.116135592801,0.253314600996,0.0233534519162,0.419561548869,1.16578488575,-1.88743335294,-0.161426862454,-0.168073161363,0.0929813591061,0.0,0.450849696757,0.484254549017,0.0,0.0,0.120385853086,-1.56277378768,-0.520822005817,-0.405793363008,0.529112943742,-0.4007417178,3.01992053758,0.476289672208,0.0,-2.17546527846,-1.11980346327,0.450849696757,0.484254549017,0.0,0.0,0.120385853086,-1.56277378768,-0.520822005817,-0.0725280408501,-0.0281235993478,-0.0688650515905,-0.120385853086,-0.360871323778,0.363875825282,0.201470515459,-0.371717539185,-0.309364669507,-0.340927362715,2.13877887716,-0.371660963193,-0.195007370199,0.307796244404,0.276962001833,3.01991689775,-0.990846854678
4,-0.166760650763,-0.148499095652,0.594382246287,0.812949149606,1.86531660734,-0.443715586407,-0.193718673376,0.654689215589,-0.853161962764,1.25105818402,-0.168073161363,-2.0765836867,0.0,0.0551925144997,0.576661141742,0.0,0.0,0.120385853086,0.430237318066,0.420422583009,-0.4633993971,0.372614749114,-0.539559747186,-0.593659592858,0.476289672208,0.0,0.472927234448,-0.419168035275,0.0551925144997,0.576661141742,0.0,0.0,0.120385853086,0.430237318066,0.420422583009,0.00475593710493,0.628093718768,0.301946764666,-0.120385853086,-0.360871323778,0.215499275167,0.843973298242,-0.14220127224,0.288769571112,-0.261544766004,-0.315557539253,-0.142193492412,-0.195007370199,0.307796244404,0.276962001833,0.0914333985713,-0.310059331533
5,-0.18415708961,-0.157582490988,1.05545291338,1.50976270641,1.05931560417,-0.0700603557485,-0.806998895621,-0.282319513042,1.60715028357,2.6635432305,2.18495109772,-2.0765836867,0.0,-0.212457932321,-0.455212477018,0.0,0.0,0.120385853086,-0.621629654412,-0.834570202092,0.688721284733,0.390003437406,0.731159137197,1.21313047236,-0.884537962672,0.0,1.50285765613,1.17318521016,-0.212457932321,-0.455212477018,0.0,0.0,0.120385853086,-0.621629654412,-0.834570202092,-0.453003009244,0.0374981324637,0.301946764666,-0.120385853086,-0.360871323778,-0.0317949750246,-0.376781989047,0.0653065855455,0.21208569411,0.569883483754,1.32066673835,0.0668419432988,-0.195007370199,-0.639269122993,0.276962001833,0.0914333985713,-0.267115040682
6,-0.173204800606,-0.152031527171,0.267829178247,2.20657626322,1.05931560417,0.210181067245,-0.534429907957,0.143593545427,1.4191009399,1.25105818402,-0.168073161363,-2.0765836867,0.0,-0.22409490827,-0.00858061218159,0.0,0.0,0.120385853086,0.62400228668,-0.960069480602,-0.359708535735,0.181339177902,-0.379385097894,-0.593659592858,0.476289672208,0.0,0.136623423285,-0.737638684363,-0.22409490827,-0.00858061218159,0.0,0.0,0.120385853086,0.62400228668,-0.960069480602,0.0642051509165,0.387480702125,0.0238379024736,-0.120385853086,-0.360871323778,-1.02097197579,-0.922909354413,-0.333988837769,0.334779897314,-0.508048618947,-1.13366967806,-0.330796893054,-0.195007370199,0.307796244404,0.276962001833,0.0914333985713,-0.0315835596809
7,-0.154231895917,-0.179801638164,0.981236307004,0.116135592801,-0.0153524000604,-0.256887971078,-1.01142563637,-1.13414562998,-0.398709382231,1.25105818402,-0.168073161363,-2.0765836867,0.0,0.567219456244,0.607463339317,0.0,0.0,0.120385853086,-0.843075332828,-1.33656731613,-0.803274998241,-0.0794911464777,-1.02008369506,1.21313047236,1.15670348965,0.0,0.472927234448,0.642400795017,0.567219456244,0.607463339317,0.0,0.0,0.120385853086,-0.843075332828,-1.33656731613,-0.215206153998,0.409354612729,1.5070851675,-0.120385853086,-0.360871323778,0.11658157509,0.265720793737,-0.428310591308,0.21208569411,-0.900783571094,2.95689101596,-0.42981367839,-0.0585022110597,0.781328928102,0.276962001833,-0.216468259763,-3.11016322232
8,-0.159873984192,-0.146297060419,1.82823332723,-0.116135592801,1.05931560417,1.75150889371,-1.21585237712,1.33615010914,0.43184188564,1.25105818402,-0.168073161363,-2.0765836867,0.0,0.543945504347,0.638265536892,0.0,0.0,0.120385853086,-0.483226105401,0.859670057794,0.809693956325,-0.740261301573,0.143852089793,-0.593659592858,-0.204124145232,0.0,0.0525474704942,-0.206854269217,0.543945504347,0.638265536892,0.0,0.0,0.120385853086,-0.483226105401,0.859670057794,-1.38635566609,0.278111149106,0.672758580923,-0.120385853086,3.19701496699,-1.71339587633,-2.04728922428,0.131331813023,0.564831528321,0.177148531607,0.50255459955,0.131281438518,1.17004422119,-0.165736439294,0.276962001833,-0.216468259763,0.133313140453
9,-0.201000382548,-0.167155227486,-0.706263780393,-1.50976270641,-1.89602140746,1.09761224006,0.419561548869,0.995419662365,-0.0852938094498,2.6635432305,2.18495109772,-2.0765836867,0.0,1.53308845999,1.62393585929,0.0,0.0,0.120385853086,-2.97448998759,-2.30918672459,-1.17195361643,-0.253378029398,-1.56467750266,-0.593659592858,1.49691039837,0.0,-0.746174081017,-2.11767816374,1.53308845999,1.62393585929,0.0,0.0,0.120385853086,-2.97448998759,-2.30918672459,0.08203991506,1.19681539447,-1.73751822475,-0.120385853086,3.19701496699,-0.872595425676,0.13722023718,-3.31141219115,0.273432795712,-2.70987116981,-1.13366967806,-3.3138740132,3.83189482441,3.38575868844,0.276962001833,-0.216468259763,-0.0756020268924
10,-0.169719981377,-0.169984231084,1.01648919503,0.812949149607,-0.821353403231,0.630543201736,-0.330003167208,-0.111954289655,-0.0539522521717,1.25105818402,-0.168073161363,-2.0765836867,0.0,0.346116913218,0.34564465993,0.0,0.0,0.120385853086,-0.317141846589,0.200798845616,-0.0947207789135,-0.948925561077,-0.422098337706,1.21313047236,0.136082763488,0.0,-0.262737352471,0.493781158776,0.346116913218,0.34564465993,0.0,0.0,0.120385853086,-0.317141846589,0.200798845616,-0.292490131953,0.431228523333,0.950867443115,-0.120385853086,-0.360871323778,-1.51556047617,-1.14778532839,0.00556947497086,0.258096020311,-0.148737918047,1.32066673835,0.00397414308495,1.03353906206,0.0710299025548,0.276962001833,-0.216468259763,0.573015642702
11,-0.18458577769,-0.150135330165,-1.11259970028,-0.812949149606,0.253314600996,1.33114675922,0.623988289618,-0.197136901348,0.165438648775,2.6635432305,2.18495109772,-2.0765836867,0.0,0.485760624603,0.34564465993,0.0,0.0,0.120385853086,-0.898436752432,-0.552196825444,-0.797514394831,-1.48797489813,-0.774482566148,-0.593659592858,0.476289672208,0.0,2.32259819584,1.76766375513,0.485760624603,0.34564465993,0.0,0.0,0.120385853086,-0.898436752432,-0.552196825444,-0.0606381980878,-0.224988794782,-0.903191638168,-0.120385853086,3.19701496699,0.388605250301,-0.216156293351,-3.06303157349,2.81933751219,-2.78089770371,-0.315557539253,-3.06397450735,3.08111644915,2.6754596629,0.276962001833,-0.216468259763,-1.40519073261
12,-0.150083301598,-0.133849444588,1.48405381518,0.580677964005,0.79064860311,2.82576768186,-1.07956788329,0.654689215589,0.196780206054,1.25105818402,-0.168073161363,-2.0765836867,0.0,-0.421923499398,-0.0855861061189,0.0,0.0,0.120385853086,-0.123376877975,0.294923304499,1.55281179611,-0.775038678157,1.04083012583,-0.593659592858,-1.22474487139,0.0,1.14553485677,0.260236016112,-0.421923499398,-0.0855861061189,0.0,0.0,0.120385853086,-0.123376877975,0.294923304499,-0.94643148388,1.54679796413,-1.55211231662,-0.120385853086,3.19701496699,-1.91123127648,-3.26804451157,0.983371653324,1.31633352295,1.12973969213,0.50255459955,0.98156843641,1.57955969861,-0.876035464842,0.276962001833,-0.216468259763,1.09040469311
13,-0.157370998953,-0.175978660329,1.77720941035,0.580677964005,1.32798260522,-1.51797437455,-0.330003167208,-1.47487607676,-0.696454176374,-0.161426862454,-0.168073161363,0.0929813591061,0.0,-1.45761435884,-0.239597093994,0.0,0.0,0.120385853086,2.14644132579,1.42441681109,0.308521459728,0.33783737253,0.0263906803119,1.21313047236,0.136082763488,0.0,0.0525474704942,0.302698769323,-1.45761435884,-0.239597093994,0.0,0.0,0.120385853086,2.14644132579,1.42441681109,-0.399498716814,-0.771836559879,-0.0688650515905,-0.120385853086,-0.360871323778,-0.7736777256,-0.762283658717,2.60570581419,-1.47495959994,2.22438392046,0.50255459955,2.60355768193,-0.126754790629,-2.29663351594,0.276962001833,-0.939905454141,1.85710067451
14,-0.165460757876,-0.211272391701,-0.665444646889,-1.74203389201,-1.09002040429,-3.01259529718,0.692130536534,-0.623049959817,0.337817213805,-0.161426862454,-0.168073161363,0.0929813591061,0.0,-0.515019306988,-1.05585532973,0.0,0.0,0.120385853086,0.0703880906395,1.07929379519,-0.175369226642,-0.201211964522,-0.0590357993105,3.01992053758,0.136082763488,0.0,0.704136104622,0.578706665199,-0.515019306988,-1.05585532973,0.0,0.0,0.120385853086,0.0703880906395,1.07929379519,0.599248075221,-2.0405233749,-1.92292413287,-0.120385853086,-0.360871323778,-0.798407150619,-1.43691158064,0.430017365896,0.963587688734,-0.487158461918,2.13877887716,0.429903489533,-0.741028006756,0.0710299025548,-3.35816427223,-0.595754001247,0.96253246934
15,7.66578542474,7.56058158419,-0.533710170577,0.812949149606,1.32798260522,0.0233534519162,0.692130536534,-0.197136901348,-0.555417168622,1.25105818402,2.18495109772,0.0929813591061,0.0,-0.0262663171414,0.299441363568,0.0,0.0,0.120385853086,1.14993577292,1.76953982699,-0.330905518689,0.320448684238,-0.411420027753,-0.593659592858,0.816496580928,0.0,-0.72515509282,-0.334242528852,-0.0262663171414,0.299441363568,0.0,0.0,0.120385853086,1.14993577292,1.76953982699,-0.203316311236,0.343732880918,0.39464971873,-0.120385853086,-0.360871323778,0.982111450761,0.458471628572,-0.440886825113,-0.0486394876987,-0.654279718151,0.50255459955,-0.436100458412,-0.195007370199,0.544562586253,0.276962001833,2.56848615863,0.404529756493
16,-0.192385135011,-0.163194622449,0.609225567561,-0.580677964005,-1.09002040429,-0.0233534519162,-0.670714401789,-0.537867348124,-0.304684710397,-0.161426862454,-0.168073161363,0.0929813591061,0.0,-0.154273052578,0.391847956293,0.0,0.0,0.120385853086,-0.566268234808,-1.43069177501,0.740566715415,-0.114268523062,1.60678055333,-0.593659592858,-1.90515868883,0.0,-2.25954123125,-2.09644678714,-0.154273052578,0.391847956293,0.0,0.0,0.120385853086,-0.566268234808,-1.43069177501,-0.0903628049936,1.3718066793,0.209243810602,-0.120385853086,-0.360871323778,-1.292995651,-1.98303894601,0.697262334256,0.810219934729,1.1046715037,-1.13366967806,0.698663335447,-0.331512529338,-1.34956814854,0.276962001833,-0.725145940098,0.842446601483
17,-0.195123207261,-0.145027831778,-1.15434654137,1.74203389201,-0.552686402174,1.09761224006,0.351419301953,1.76206316761,-0.5867587259,-0.161426862454,-0.168073161363,0.0929813591061,0.0,0.88141780686,1.34671608112,0.0,0.0,0.120385853086,-0.178738297579,-0.614946464699,0.181788184726,-0.670706548405,1.78831182252,-0.593659592858,-1.90515868883,0.0,0.872288010204,0.98210282071,0.88141780686,1.34671608112,0.0,0.0,0.120385853086,-0.178738297579,-0.614946464699,0.206883264064,0.496850255144,0.0238379024736,-0.120385853086,-0.360871323778,-1.73812530135,-1.50116185892,0.734991035672,-0.00262916149722,1.06706922105,-1.13366967806,0.736384015576,-0.195007370199,-1.34956814854,0.276962001833,-0.725145940098,1.37786633078
18,-0.182788053484,-0.17827244703,-0.491963329493,0.116135592801,-1.09002040429,-1.37785366305,0.487703795786,-1.90078913522,-1.41730999377,-0.161426862454,-0.168073161363,0.0929813591061,0.0,-0.433560475347,0.0838259805432,0.0,0.0,0.120385853086,1.31602003173,1.11066861481,-0.912726463015,-0.18382327623,-0.689056086526,-0.593659592858,1.15670348965,0.0,0.241718364273,-0.228085645823,-0.433560475347,0.0838259805432,0.0,0.0,0.120385853086,1.31602003173,1.11066861481,-0.58379127963,0.146867685483,-0.0688650515905,-0.120385853086,-0.360871323778,-0.229630375178,-1.11566018925,-0.682979325863,-0.432058872711,-1.1222192356,-1.13366967806,-0.685999964262,-0.945785745466,0.781328928102,0.276962001833,-0.268721000188,-0.0003733024629
19,0.495825176676,-0.107715568109,-1.11259970028,0.348406778403,0.79064860311,-0.723957009401,2.12311772177,1.50651533253,2.500384666,1.25105818402,2.18495109772,0.0929813591061,0.0,0.846506879014,0.853880919917,0.0,0.0,0.120385853086,-0.261780426985,-1.21106803762,-0.480681207327,0.720388514954,-0.624986226809,1.21313047236,0.816496580928,0.0,0.0735664586919,-0.440399411881,0.846506879014,0.853880919917,0.0,0.0,0.120385853086,-0.261780426985,-1.21106803762,-0.167646782949,0.365606791521,0.116540856538,-0.120385853086,-0.360871323778,0.809005475627,0.201470515459,-0.469183351175,-0.0639762630992,-0.599965309875,-0.315557539253,-0.462819273503,-0.126754790629,0.544562586253,0.276962001833,1.06626267512,-0.243224928765
20,-0.138232150491,-0.14882022579,-0.717396271349,0.116135592801,-0.284019401117,0.490422490239,1.30541075878,1.59169794422,2.62575089511,1.25105818402,2.18495109772,0.0929813591061,0.0,0.485760624603,0.160831474481,0.0,0.0,0.120385853086,0.790086545493,0.389047763381,-0.417314569827,-0.409876224025,-0.165818898838,-0.593659592858,-0.204124145232,0.0,0.956363962994,1.17318521016,0.485760624603,0.160831474481,0.0,0.0,0.120385853086,0.790086545493,0.389047763381,-0.417333480957,3.0779717064,-0.161568005655,8.30662386292,-0.360871323778,-0.872595425676,-0.601657963021,-0.14220127224,0.288769571112,-0.0944235097715,-1.13366967806,-0.143765187417,-0.331512529338,-0.165736439294,0.276962001833,0.605009538058,-0.2571050234
21,-0.157951802157,-0.15772011819,-0.777697264027,-0.116135592801,-0.284019401117,0.770663913233,1.30541075878,-0.793415183205,-0.994198970516,-1.57391190893,-0.168073161363,2.26254640491,0.0,0.113377394243,0.622864438105,0.0,0.0,0.120385853086,0.236472349452,0.263548484871,-0.400032759599,-0.583763106945,-0.795839186054,1.21313047236,0.816496580928,0.0,0.683117116424,0.684863548228,0.113377394243,0.622864438105,0.0,0.0,0.120385853086,0.236472349452,0.263548484871,0.18310357854,-0.00624968874396,0.765461534987,-0.120385853086,2.84122633791,0.660628925512,0.297845932876,0.0212897672273,0.22742246951,-0.587431215658,0.50255459955,0.0228344831491,1.23829680076,0.544562586253,0.276962001833,0.0889885121071,-0.312141739446
22,-0.180298896893,-0.165167279012,-1.19145484455,0.348406778403,-0.0153524000604,-0.443715586407,1.91869098102,0.143593545427,0.416171107001,-0.161426862454,-0.168073161363,0.0929813591061,0.0,-0.0262663171414,0.391847956293,0.0,0.0,0.120385853086,0.153430220046,0.483172222264,0.596551630186,-0.409876224025,-0.13378396898,-0.593659592858,0.136082763488,0.0,-0.662098128227,-0.0157718797643,-0.0262663171414,0.391847956293,0.0,0.0,0.120385853086,0.153430220046,0.483172222264,-0.363829188527,0.0593720430676,0.950867443115,-0.120385853086,-0.360871323778,1.25413512597,0.811848159103,0.612372756071,0.825556710129,0.319201599404,-0.315557539253,0.610648415148,-0.195007370199,0.0710299025548,0.276962001833,0.0889885121071,-1.58285643247
23,3.00483970661,3.32482918648,-0.591228040516,0.116135592801,-0.821353403231,0.30359487491,1.30541075878,0.739871827283,1.1370269244,-0.161426862454,-0.168073161363,0.0929813591061,0.0,0.299569009423,0.0530237829683,0.0,0.0,0.120385853086,0.236472349452,0.200798845616,0.279718442682,-0.0621024581857,0.0477473002175,1.21313047236,-0.204124145232,0.0,-0.409870269855,-0.716407307757,0.299569009423,0.0530237829683,0.0,0.0,0.120385853086,0.236472349452,0.200798845616,-0.357884267146,0.0156242218599,0.487352672794,-0.120385853086,-0.0050826947011,1.00684087578,0.747597880825,0.417441132091,-0.0793130384997,0.599129703594,0.50255459955,0.412614844475,0.351013266358,-0.165736439294,0.276962001833,1.58627608911,-0.669392308405
24,-0.158145403226,-0.145593632497,-0.465987517262,-0.348406778403,1.32798260522,-0.490422490239,0.283277055037,-0.793415183205,-1.5896885588,-1.57391190893,-0.168073161363,2.26254640491,0.0,-0.363738619655,0.114628178118,0.0,0.0,0.120385853086,-0.704671783818,0.828295238167,0.118421547226,0.894275397874,-0.336671858083,-0.593659592858,0.476289672208,0.0,-1.86018045549,-2.16014091695,-0.363738619655,0.114628178118,0.0,0.0,0.120385853086,-0.704671783818,0.828295238167,-0.393553795433,0.0156242218599,0.209243810602,-0.120385853086,-0.360871323778,-0.45219520035,0.876098437382,-0.277395785646,-0.232680792505,-0.236476577569,0.50255459955,-0.275787567866,-0.126754790629,0.307796244404,0.276962001833,3.04712798605,-0.16674996024
25,-0.180990329279,-0.157934204948,0.0294083302751,-0.116135592801,1.59664960628,-0.397008682575,-0.466287661041,-0.367502124736,-0.100964588089,-1.57391190893,-2.52109742045,0.0929813591061,0.0,-0.363738619655,-0.224195995206,0.0,0.0,0.120385853086,1.09457435332,1.14204343444,-0.181129830051,0.407392125698,-0.0483574893577,-0.593659592858,0.476289672208,0.0,-0.767193069215,0.281467392717,-0.363738619655,-0.224195995206,0.0,0.0,0.120385853086,1.09457435332,1.14204343444,-0.500562380294,0.103119864275,0.0238379024736,-0.120385853086,-0.360871323778,-0.081253825063,0.908223576521,-0.38429377299,0.273432795712,-0.428666022237,1.32066673835,-0.388949608251,-0.0585022110597,0.307796244404,0.276962001833,2.17925853516,-0.42324991468
26,-0.158988950737,-0.16149722029,-0.0837719944431,-1.04522033521,-2.16468840851,0.350301778742,-0.738856648705,0.569506603896,0.0244016410237,-1.57391190893,-2.52109742045,0.0929813591061,0.0,0.392664817013,0.268639165993,0.0,0.0,0.120385853086,0.513279447472,0.702795959656,0.36612749382,0.650833761786,0.0477473002175,-0.593659592858,-0.204124145232,0.0,0.641079140029,0.323930145929,0.392664817013,0.268639165993,0.0,0.0,0.120385853086,0.513279447472,0.702795959656,-0.179536625711,0.343732880918,1.59978812156,-0.120385853086,-0.360871323778,0.462793525359,0.683347602546,0.162772397536,0.978924464134,0.310845536593,-1.13366967806,0.16428703363,-0.0585022110597,-0.165736439294,0.276962001833,-0.176881405566,-1.20197542004
27,-0.156499794146,-0.16400509375,-0.342602409168,1.74203389201,-0.0153524000604,0.537129394072,0.351419301953,-0.963780406593,-0.430050939509,-0.161426862454,-0.168073161363,0.0929813591061,0.0,0.0668294904484,-0.0701850073315,0.0,0.0,0.120385853086,0.540960157274,0.577296681146,-0.457638793691,1.03338490421,-0.678377776573,1.21313047236,0.816496580928,0.0,0.809231045611,1.04579695053,0.0668294904484,-0.0701850073315,0.0,0.0,0.120385853086,0.540960157274,0.577296681146,0.0166457798672,0.387480702125,1.13627335124,-0.120385853086,-0.360871323778,0.71008777555,0.747597880825,-0.67669120896,0.288769571112,-0.541472870194,1.32066673835,-0.681284879246,-0.945785745466,0.544562586253,0.276962001833,-0.143609832465,0.458411235189
28,-0.201456727923,-0.168669126709,-0.829648888488,-0.812949149606,-0.552686402174,-0.0233534519162,2.05497547486,0.910237050671,0.823611351617,1.25105818402,2.18495109772,0.0929813591061,0.0,-0.31719071586,-0.224195995206,0.0,0.0,0.120385853086,-0.234099717183,-0.520822005817,-0.595893275511,-0.583763106945,-0.0803924192161,-0.593659592858,-0.204124145232,0.0,1.25062979776,0.875945937681,-0.31719071586,-0.224195995206,0.0,0.0,0.120385853086,-0.234099717183,-0.520822005817,-0.595681122392,-0.159367062971,-0.532379821911,-0.120385853086,-0.360871323778,-0.823136575638,-0.24828143249,-2.44679611704,1.04027156574,-0.599965309875,-1.13366967806,-2.44787006525,1.98907517603,1.96516063735,0.276962001833,-0.143609832465,-1.02733740065
29,-0.117489178893,-0.153086669054,-0.256325604259,-1.27749152081,-1.35868740534,-0.770663913233,0.555846042702,-0.708232571511,0.43184188564,-0.161426862454,-0.168073161363,0.0929813591061,0.0,-0.212457932321,0.00682048660588,0.0,0.0,0.120385853086,-2.31015295234,-1.71306515166,0.383409304047,0.216116554486,-0.229888758555,1.21313047236,-0.204124145232,0.0,0.514965210843,-0.100697386188,-0.212457932321,0.00682048660588,0.0,0.0,0.120385853086,-2.31015295234,-1.71306515166,-0.470837773388,0.431228523333,0.301946764666,-0.120385853086,-0.360871323778,-1.36718392606,-0.0876557367941,0.260238209526,0.396126998916,0.360981913463,0.50255459955,0.263303818967,-0.126754790629,-0.165736439294,0.276962001833,-0.675822971238,0.0316551953868
30,-0.148174948211,-0.155151077085,-1.38627343628,0.348406778403,0.79064860311,-0.864077720898,0.351419301953,2.18797622608,0.0557431983019,-0.161426862454,-0.168073161363,0.0929813591061,0.0,0.590493408141,1.00789190779,0.0,0.0,0.120385853086,-0.400183975995,0.671421140029,-1.81714119825,-0.809816054741,-1.56467750266,-0.593659592858,1.15670348965,0.0,0.767193069215,0.98210282071,0.590493408141,1.00789190779,0.0,0.0,0.120385853086,-0.400183975995,0.671421140029,-0.143867097424,0.29998505971,0.39464971873,-0.120385853086,-0.360871323778,-0.105983250082,0.876098437382,-0.780445137853,-0.508742749714,-0.967632073587,-0.315557539253,-0.777158274572,-0.195007370199,0.781328928102,0.276962001833,-0.533931342841,-0.255112647574
31,-0.174020690822,-0.17438830155,0.0359022833327,0.580677964005,1.05931560417,-0.397008682575,0.283277055037,-0.963780406593,-0.524075611344,-0.161426862454,-0.168073161363,0.0929813591061,0.0,-0.829217657604,-0.948047638217,0.0,0.0,0.120385853086,-0.704671783818,-0.332573088052,0.129942754044,0.129173113026,0.0477473002175,1.21313047236,-0.204124145232,0.0,0.430889258052,0.536243911987,-0.829217657604,-0.948047638217,0.0,0.0,0.120385853086,-0.704671783818,-0.332573088052,-0.120087411899,-1.14369304014,0.116540856538,-0.120385853086,-0.360871323778,1.42724110111,0.811848159103,0.282246618685,1.40835417535,0.260709159723,0.50255459955,0.286879244047,-0.399765108908,-0.165736439294,-3.35816427223,-0.0941283880126,0.244728775456
32,-0.175929044209,-0.15281141465,-0.475264593059,1.04522033521,1.32798260522,0.163474163413,1.10098401803,-0.197136901348,-1.05688208507,-0.161426862454,-0.168073161363,0.0929813591061,0.0,0.113377394243,0.145430375693,0.0,0.0,0.120385853086,-1.25828597986,-2.74843419937,-0.129284399369,0.702999826662,-0.443454957611,1.21313047236,0.476289672208,0.0,-0.0735664586919,0.302698769323,0.113377394243,0.145430375693,0.0,0.0,0.120385853086,-1.25828597986,-2.74843419937,-0.126032333281,0.409354612729,-0.0688650515905,-0.120385853086,-0.360871323778,0.215499275167,-0.408907128186,-0.170497798302,0.0433811647043,-0.420309959425,-0.315557539253,-0.173627392519,-0.126754790629,0.307796244404,0.276962001833,0.460627468706,-0.575796436321
33,-0.194016915443,-0.172492104544,0.700140910368,-0.348406778403,0.521981602053,-1.05090533623,-0.670714401789,-1.21932824167,-1.07255286371,-0.161426862454,-0.168073161363,0.0929813591061,0.0,0.462486672705,0.0376226841808,0.0,0.0,0.120385853086,-0.621629654412,-0.552196825444,1.71410869156,-0.792427366449,1.75627689267,-0.593659592858,-1.90515868883,0.0,-0.0315284822965,-0.121928762794,0.462486672705,0.0376226841808,0.0,0.0,0.120385853086,-0.621629654412,-0.552196825444,-0.375719031289,-0.0499975099516,-0.439676867847,-0.120385853086,-0.360871323778,-1.16934852591,-0.601657963021,0.250806034172,0.380790223515,1.08378134667,-1.13366967806,0.250730258924,-0.195007370199,-1.34956814854,0.276962001833,-0.950469849854,0.551340264871
34,-0.18653561702,-0.158025956416,0.779923762218,-0.812949149606,0.79064860311,-1.37785366305,-0.943283389454,-0.0267716779609,-1.10389442099,-0.161426862454,-0.168073161363,0.0929813591061,0.0,0.869780830911,0.484254549017,0.0,0.0,0.120385853086,0.153430220046,-1.02281911986,1.21293619497,-0.409876224025,1.94848647182,-0.593659592858,-1.90515868883,0.0,-0.72515509282,-1.14103483987,0.869780830911,0.484254549017,0.0,0.0,0.120385853086,0.153430220046,-1.02281911986,-0.357884267146,-0.115619241763,-0.995894592232,-0.120385853086,-0.360871323778,-0.105983250082,-0.376781989047,-0.00700675883432,-0.125323364701,1.14227378635,-1.13366967806,-0.00859941695781,-0.195007370199,-1.34956814854,0.276962001833,-0.950469849854,-0.432398767939
35,-0.205646808186,-0.158576465225,0.61293639788,0.580677964005,-0.0153524000604,0.677250105569,0.487703795786,1.76206316761,-0.884503520043,-1.57391190893,-0.168073161363,2.26254640491,0.0,-0.747758825963,0.0684248817557,0.0,0.0,0.120385853086,0.0427073808374,-1.27381767688,2.96992023476,1.29421522859,1.62813717323,-0.593659592858,-1.22474487139,0.0,0.430889258052,0.706094924834,-0.747758825963,0.0684248817557,0.0,0.0,0.120385853086,0.0427073808374,-1.27381767688,-0.0903628049936,0.0593720430676,0.301946764666,-0.120385853086,-0.360871323778,0.858464325665,-0.0555305976549,2.11837675424,0.580168303722,3.44019105955,-1.13366967806,2.11476053526,-0.126754790629,-3.71723156703,0.276962001833,-0.950469849854,0.84984057896
36,-0.162211025659,-0.147933294932,0.39492511666,0.116135592801,-0.0153524000604,-0.864077720898,-0.466287661041,-0.45268473643,0.666903565226,-0.161426862454,-0.168073161363,0.0929813591061,0.0,0.5090345765,0.268639165993,0.0,0.0,0.120385853086,-1.09220172105,0.200798845616,2.54363558248,-0.166434587938,3.93465212304,-0.593659592858,-3.60619323243,0.0,-0.472927234448,-0.949952450421,0.5090345765,0.268639165993,0.0,0.0,0.120385853086,-1.09220172105,0.200798845616,-0.506507301675,0.124993774879,-0.439676867847,-0.120385853086,-0.360871323778,0.982111450761,0.94034871566,0.115611520766,-0.70812082992,0.415296321738,-0.315557539253,0.112421098454,-1.01403832504,-0.165736439294,0.276962001833,-1.14312723125,0.362832848097
37,-0.190891641055,-0.149768324293,0.50439461106,0.348406778403,1.05931560417,1.23773295156,-0.466287661041,-0.0267716779609,1.29373471079,-0.161426862454,-0.168073161363,0.0929813591061,0.0,-0.41028652345,1.1156995993,0.0,0.0,0.120385853086,0.983851514107,0.985169336304,0.625354647232,-1.66186178105,3.55023296474,1.21313047236,-3.26598632371,0.0,-0.535984199041,-0.865026943998,-0.41028652345,1.1156995993,0.0,0.0,0.120385853086,0.983851514107,0.985169336304,-2.02246225387,1.21868930507,0.765461534987,-0.120385853086,3.19701496699,1.05629972582,0.458471628572,-1.08856286608,-0.278691118706,0.0935879034903,1.32066673835,-1.08678219062,0.828781323346,0.0710299025548,0.276962001833,-1.14312723125,-0.498396578866
38,-0.233622162548,-0.194160742912,-0.0308926624026,2.43884744882,-0.0153524000604,-1.14431914389,-0.670714401789,0.739871827283,-0.0226106948935,-0.161426862454,-0.168073161363,0.0929813591061,0.0,-3.24970865494,-5.93800364536,0.0,0.0,0.120385853086,1.64818854936,0.326298124126,-2.71579533008,-4.39188584289,-0.219210448602,-0.593659592858,0.136082763488,0.0,-1.31368676235,-0.589019048122,-3.24970865494,-5.93800364536,0.0,0.0,0.120385853086,1.64818854936,0.326298124126,0.046370386773,0.606219808164,-0.71778573004,-0.120385853086,-0.360871323778,-0.328548075255,-0.184031154212,-0.69869961812,1.36234384915,-0.232298546163,1.32066673835,-0.698573524304,-0.0585022110597,0.0710299025548,0.276962001833,-1.26428336178,0.287931293675
39,-0.145879392687,-0.152826706561,0.472852553352,-1.04522033521,-0.821353403231,-0.256887971078,-0.398145414124,-0.367502124736,0.337817213805,-0.161426862454,-0.168073161363,0.0929813591061,0.0,3.54628529912,0.191633672055,0.0,0.0,0.120385853086,0.900809384701,0.765545598912,-1.01065672097,0.16395048961,-0.785160876101,-0.593659592858,0.816496580928,0.0,-0.241718364273,0.0479222500532,3.54628529912,0.191633672055,0.0,0.0,0.120385853086,0.900809384701,0.765545598912,-0.399498716814,-0.159367062971,0.0238379024736,-0.120385853086,-0.360871323778,0.784276050608,0.908223576521,-0.550928870909,0.0893914909057,-0.737840346267,0.50255459955,-0.549262498797,-0.195007370199,0.544562586253,0.276962001833,-0.976204663761,-0.441615391098
40,-0.168129686888,-0.161313717354,-0.631119466441,0.116135592801,-0.0153524000604,-0.163474163413,-0.534429907957,0.569506603896,0.228121763332,-0.161426862454,-0.168073161363,0.0929813591061,0.0,0.00864461070477,0.160831474481,0.0,0.0,0.120385853086,1.50978500035,1.17341825407,-0.567090258465,0.77255457983,-0.646342846714,-0.593659592858,0.816496580928,0.0,1.98629438468,1.27934209319,0.00864461070477,0.160831474481,0.0,0.0,0.120385853086,1.50978500035,1.17341825407,-0.577846358249,-0.115619241763,0.209243810602,-0.120385853086,-0.360871323778,0.339146400263,-0.376781989047,-0.522632344847,-0.248017567905,-0.583253184252,-0.315557539253,-0.524115378711,-0.126754790629,0.544562586253,0.276962001833,-0.306783709154,0.255340681465
41,-0.199603689127,-0.143330429619,-1.21464753405,0.348406778403,-0.0153524000604,-0.397008682575,1.78240648719,0.569506603896,0.93330680209,1.25105818402,2.18495109772,0.0929813591061,0.0,-0.293916763962,0.00682048660588,0.0,0.0,0.120385853086,-0.261780426985,-0.112949350659,0.0723367199522,-0.114268523062,0.464201388377,-0.593659592858,-0.544331053952,0.0,-0.493946222645,-0.29177977564,-0.293916763962,0.00682048660588,0.0,0.0,0.120385853086,-0.261780426985,-0.112949350659,-0.42922332372,-0.0718714205555,-0.161568005655,-0.120385853086,-0.360871323778,-0.47692462537,-0.184031154212,0.0370100594838,-0.416722097311,0.411118290332,0.50255459955,0.0369797381972,-0.195007370199,-0.402502781144,0.276962001833,1.13190978762,-0.948425526438
42,-0.166138361615,-0.176513877226,0.951549664455,-2.20657626322,-1.09002040429,0.770663913233,-1.62470585862,0.910237050671,0.0244016410237,-1.57391190893,-2.52109742045,0.0929813591061,0.0,0.439212720808,0.453452351442,0.0,0.0,0.120385853086,-0.621629654412,-0.677696103954,0.262436632455,-0.409876224025,-0.411420027753,-0.593659592858,0.136082763488,0.0,-1.43980069154,-0.525324918304,0.439212720808,0.453452351442,0.0,0.0,0.120385853086,-0.621629654412,-0.677696103954,-0.131977254662,-0.290610526594,-0.346973913783,-0.120385853086,0.706494563453,0.462793525359,-1.01928477183,0.194212982049,-0.125323364701,-0.0150409130609,-1.13366967806,0.192577543726,1.3748019599,0.0710299025548,0.276962001833,1.04142157859,1.15806800315
43,-0.130363649932,-0.181759002816,1.65846284015,-0.812949149606,-0.0153524000604,1.75150889371,-1.82913259936,-0.0267716779609,-0.461392496788,-2.9863969554,-2.52109742045,2.26254640491,0.0,-0.154273052578,-0.0239817109691,0.0,0.0,0.120385853086,-1.53509307788,-1.14831839837,0.711763698369,-0.914148184493,0.0263906803119,-0.593659592858,-0.544331053952,0.0,0.0105094940988,0.239004639506,-0.154273052578,-0.0239817109691,0.0,0.0,0.120385853086,-1.53509307788,-1.14831839837,0.0523153081542,-0.334358347802,0.0238379024736,-0.120385853086,-0.360871323778,0.14131100011,-0.955034493552,0.103035286961,-0.324701444908,0.0852318406787,0.50255459955,0.104562623427,1.51130711904,-0.402502781144,0.276962001833,1.04142157859,0.427743833538
44,-0.165115041683,-0.172461520721,1.60836663085,-1.50976270641,-2.16468840851,1.00419843239,-1.48842136478,-0.45268473643,-0.508404832705,-0.161426862454,-0.168073161363,0.0929813591061,0.0,-0.305553739911,-0.116388303694,0.0,0.0,0.120385853086,0.596321576878,0.545921861519,0.135703357453,-0.566374418653,-0.336671858083,-0.593659592858,0.136082763488,0.0,0.641079140029,0.451318405564,-0.305553739911,-0.116388303694,0.0,0.0,0.120385853086,0.596321576878,0.545921861519,-0.48272761615,0.453102433937,1.13627335124,-0.120385853086,1.41807182161,-1.19407795093,-0.0555305976549,0.285390677136,0.442137325117,-0.0860674469598,-0.315557539253,0.288450939052,1.10179164162,0.0710299025548,0.276962001833,1.04142157859,1.03800796439
45,-0.175666299902,-0.158010664505,0.147227192892,0.116135592801,-0.284019401117,-0.116767259581,-0.261860920292,-0.537867348124,-0.210660038562,-0.161426862454,-0.168073161363,0.0929813591061,0.0,-0.363738619655,0.438051252655,0.0,0.0,0.120385853086,-0.151057587777,-0.520822005817,-0.699584136876,0.963830151042,-1.04144031497,1.21313047236,1.49691039837,0.0,0.704136104622,0.621169418411,-0.363738619655,0.438051252655,0.0,0.0,0.120385853086,-0.151057587777,-0.520822005817,0.230662949589,0.168741596087,0.672758580923,-0.120385853086,-0.360871323778,-0.105983250082,0.843973298242,-0.959656469577,0.0740547155052,-1.43557159104,0.50255459955,-0.959474895192,-0.195007370199,1.01809526995,0.276962001833,-0.672625277481,0.0903274304964
46,-0.171337933162,-0.160686748989,0.468214015453,-0.580677964005,0.253314600996,0.397008682575,-0.0574341795437,-0.708232571511,0.525866557474,-0.161426862454,-0.168073161363,0.0929813591061,0.0,-0.619752090527,-0.332003686718,0.0,0.0,0.120385853086,1.26065861213,1.2047930737,0.106900340407,0.355226060822,-0.315315238178,-0.593659592858,0.476289672208,0.0,-0.241718364273,-0.673944554545,-0.619752090527,-0.332003686718,0.0,0.0,0.120385853086,1.26065861213,1.2047930737,-0.423278402338,-0.137493152367,-0.254270959719,-0.120385853086,-0.360871323778,-1.24353680096,-0.119780875933,-0.245955201133,0.273432795712,-0.332571299903,0.50255459955,-0.245925362765,-0.126754790629,0.307796244404,0.276962001833,-0.758874409318,0.74922404792
47,-0.171324104514,-0.153652469773,0.354105983155,-0.812949149606,-0.0153524000604,0.677250105569,-1.07956788329,0.399141380508,0.478854221557,-0.161426862454,-0.168073161363,0.0929813591061,0.0,0.229747153731,-0.00858061218159,0.0,0.0,0.120385853086,-0.0126540387666,-0.207073809542,0.682960681324,0.633445073494,0.453523078424,-0.593659592858,-0.544331053952,0.0,0.830250033808,1.06702832713,0.229747153731,-0.00858061218159,0.0,0.0,0.120385853086,-0.0126540387666,-0.207073809542,-0.197371389854,0.0593720430676,0.301946764666,-0.120385853086,-0.360871323778,-0.724218875561,0.329971072015,-0.000718641931724,0.0280443893038,0.360981913463,-1.13366967806,-0.00388433194178,-0.399765108908,-0.402502781144,0.276962001833,-0.11220599357,1.09175419263
48,0.0765267487893,-0.032081774623,3.70034722298,0.812949149606,1.05931560417,2.1718710282,-3.53268877227,-1.73042391184,0.43184188564,-1.57391190893,-0.168073161363,2.26254640491,0.0,-1.08523112848,-0.978849835792,0.0,0.0,0.120385853086,1.20529719252,1.14204343444,0.239394218818,-0.114268523062,0.613697727716,1.21313047236,-0.884537962672,0.0,1.01942092759,0.748557678046,-1.08523112848,-0.978849835792,0.0,0.0,0.120385853086,1.20529719252,1.14204343444,-0.655130336204,-0.246862705386,-1.18130050036,-0.120385853086,-0.360871323778,2.09493557662,2.19322914209,0.304255027844,0.258096020311,0.665978206087,0.50255459955,0.304167889106,-0.331512529338,-0.876035464842,0.276962001833,-0.11220599357,-0.0584870605137
49,-0.211869699665,-0.16183364234,-1.67942903145,0.580677964005,-1.35868740534,1.37785366305,-0.261860920292,1.33615010914,0.776599015699,-1.57391190893,-0.168073161363,2.26254640491,0.0,0.893054782809,0.930886413854,0.0,0.0,0.120385853086,-1.23060527006,-1.21106803762,-0.405793363008,-0.0968798347696,-1.22297158417,-0.593659592858,0.816496580928,0.0,-1.08247789218,-1.79920751465,0.893054782809,0.930886413854,0.0,0.0,0.120385853086,-1.23060527006,-1.21106803762,0.0166457798672,0.168741596087,0.580055626859,-0.120385853086,0.706494563453,0.907923175704,1.03672413308,-0.258531434938,0.120065041707,-0.859003257036,0.50255459955,-0.255355532797,1.64781227818,0.544562586253,0.276962001833,0.536609274187,-0.464960136634
50,-0.19147244426,-0.149875367672,-0.294361615025,1.74203389201,0.79064860311,-0.583836297904,-0.330003167208,-0.45268473643,1.30940548943,-0.161426862454,-0.168073161363,0.0929813591061,0.0,-0.852491609502,-0.409009180656,0.0,0.0,0.120385853086,-0.815394623026,-0.803195382465,0.936427231327,0.68561113837,0.165208709698,-0.593659592858,-0.544331053952,0.0,-0.977382951192,-1.45950548896,-0.852491609502,-0.409009180656,0.0,0.0,0.120385853086,-0.815394623026,-0.803195382465,-0.524342065818,0.0374981324637,0.116540856538,-0.120385853086,-0.360871323778,0.734817200569,0.586972185129,0.386000547578,0.21208569411,0.590773640783,-1.13366967806,0.384324334378,-0.263259949769,-0.402502781144,0.276962001833,0.870799156289,-0.70889525918
51,-0.20964328738,-0.154692319744,-0.299000152924,-0.348406778403,-0.552686402174,-0.443715586407,0.76027278345,1.76206316761,2.34367687961,-0.161426862454,-0.168073161363,0.0929813591061,0.0,-0.212457932321,-1.36387730548,0.0,0.0,0.120385853086,1.53746571015,1.36166717183,-0.209932847097,0.216116554486,-0.112427349074,-0.593659592858,0.136082763488,0.0,0.872288010204,0.536243911987,-0.212457932321,-1.36387730548,0.0,0.0,0.120385853086,1.53746571015,1.36166717183,-0.0428034339443,-0.159367062971,0.39464971873,-0.120385853086,-0.360871323778,0.0423933000328,-0.537407684743,-0.267963610292,-0.447395648112,-0.157093980859,-0.315557539253,-0.27107248285,-0.195007370199,0.0710299025548,0.276962001833,-0.739985509137,-1.08029170878
52,-0.172803769822,-0.1406084694,0.0600226804038,0.116135592801,-0.284019401117,-0.116767259581,0.828415030366,0.484323992202,0.369158771083,1.25105818402,2.18495109772,0.0929813591061,0.0,-0.0262663171414,0.422650153867,0.0,0.0,0.120385853086,0.651682996482,0.859670057794,0.066576116543,0.668222450078,-0.0910707291689,-0.593659592858,0.136082763488,0.0,0.956363962994,1.6615068721,-0.0262663171414,0.422650153867,0.0,0.0,0.120385853086,0.651682996482,0.859670057794,-0.209261232617,0.846832824806,1.04357039718,-0.120385853086,-0.360871323778,-0.551112900427,0.426346489433,-0.230234908876,0.426800549717,-0.177984137888,-0.315557539253,-0.227065022701,-0.126754790629,0.0710299025548,0.276962001833,0.718580749031,-0.944954845144
53,-0.196602872569,-0.187187631341,0.842080170055,0.812949149606,0.253314600996,-0.443715586407,-0.466287661041,-0.708232571511,0.134097091497,-0.161426862454,-0.168073161363,0.0929813591061,0.0,-3.1217019195,-3.33521795027,0.0,0.0,-8.30662386292,-0.621629654412,-0.803195382465,-2.52569541758,-2.47913013077,-0.731769326337,-0.593659592858,0.476289672208,0.0,-1.92323742009,-1.09857208666,-3.1217019195,-3.33521795027,0.0,0.0,-8.30662386292,-0.621629654412,-0.803195382465,0.290112163401,0.518724165748,0.209243810602,-0.120385853086,-0.360871323778,0.41333467532,-0.441032267325,-0.569793221616,1.85312066196,-0.328393268497,-1.13366967806,-0.568122838861,0.00975036850995,0.307796244404,0.276962001833,-0.569556307371,-0.204399986716
54,-0.15647213685,-0.14984478385,-1.06250349098,0.580677964005,1.05931560417,0.210181067245,-0.0574341795437,0.0584109337329,-0.226330817201,-0.161426862454,-0.168073161363,0.0929813591061,0.0,0.613767360039,0.561260042955,0.0,0.0,0.120385853086,0.873128674899,0.389047763381,-0.636217499375,0.51172425545,-0.806517496006,-0.593659592858,0.816496580928,0.0,-0.893306998401,-0.419168035275,0.613767360039,0.561260042955,0.0,0.0,0.120385853086,0.873128674899,0.389047763381,0.581413311077,-0.0718714205555,-0.346973913783,-0.120385853086,-0.360871323778,1.72399420134,1.77560233328,-0.610665981483,0.0433811647043,-0.804688848761,1.32066673835,-0.604271823984,-0.0585022110597,0.544562586253,0.276962001833,-0.315392929203,0.453915337118
55,-0.184931493883,-0.163561628321,0.31514226481,-1.50976270641,-0.284019401117,-0.116767259581,-0.534429907957,0.313958768814,-0.900174298682,-0.161426862454,-0.168073161363,0.0929813591061,0.0,-2.62131195371,-1.22526741639,0.0,0.0,0.120385853086,0.236472349452,-0.960069480602,0.556227406322,0.529112943742,0.432166458518,-0.593659592858,-0.544331053952,0.0,0.809231045611,-0.0157718797643,-2.62131195371,-1.22526741639,0.0,0.0,0.120385853086,0.236472349452,-0.960069480602,-0.405443638195,0.168741596087,-0.532379821911,-0.120385853086,-0.360871323778,0.536981800416,0.52272190685,0.159628339084,0.0127076139033,0.574061515159,-0.315557539253,0.153285168593,-0.195007370199,-0.402502781144,0.276962001833,-0.734790559718,0.771230961141
56,-0.152738401962,-0.165549576795,-0.524433094781,-0.116135592801,-0.552686402174,-0.0700603557485,0.351419301953,0.654689215589,-1.10389442099,-0.161426862454,-0.168073161363,0.0929813591061,0.0,-0.142636076629,-0.0239817109691,0.0,0.0,0.120385853086,0.20879163965,-0.332573088052,0.325803269955,0.616056385202,0.0904605400287,-0.593659592858,-0.204124145232,0.0,1.37674372695,1.87382063816,-0.142636076629,-0.0239817109691,0.0,0.0,0.120385853086,0.20879163965,-0.332573088052,-0.108197569137,0.0812459536714,0.0238379024736,-0.120385853086,-0.360871323778,-0.18017152514,-0.24828143249,-0.148489389143,-0.00262916149723,0.118656091925,-0.315557539253,-0.150051967439,-0.195007370199,-0.165736439294,0.276962001833,2.58205676482,-0.215920795297
57,-0.224356968567,-0.181759002816,-0.654312155933,-0.348406778403,-1.6273544064,-0.397008682575,0.419561548869,-0.45268473643,-0.774808069569,-0.161426862454,-0.168073161363,0.0929813591061,0.0,-0.154273052578,0.53045784538,0.0,0.0,0.120385853086,0.540960157274,0.891044877422,-0.175369226642,1.10293965738,-0.59295129695,-0.593659592858,0.816496580928,0.0,0.535984199041,1.76766375513,-0.154273052578,0.53045784538,0.0,0.0,0.120385853086,0.540960157274,0.891044877422,-0.185481547092,0.29998505971,0.950867443115,-0.120385853086,-0.360871323778,1.40251167609,0.843973298242,-0.550928870909,0.120065041707,-0.746196409079,0.50255459955,-0.547690803791,-0.126754790629,0.544562586253,0.276962001833,1.31146861162,0.0903274304964
58,-0.157357170305,-0.19379373704,1.35510246161,-0.580677964005,-0.552686402174,0.630543201736,-1.42027911787,1.59169794422,-0.163647702645,-0.161426862454,-0.168073161363,0.0929813591061,0.0,-0.491745355091,-0.886443243067,0.0,0.0,0.120385853086,-0.455545395599,0.263548484871,1.0458786961,-2.21829980639,1.38253604432,-0.593659592858,-1.90515868883,0.0,-0.620060151831,0.2177732629,-0.491745355091,-0.886443243067,0.0,0.0,0.120385853086,-0.455545395599,0.263548484871,-0.565956515486,-0.618719185652,0.301946764666,-0.120385853086,-0.360871323778,1.40251167609,1.29372524619,2.76919685366,-0.432058872711,2.85944469414,-1.13366967806,2.77487243751,0.214508107219,-2.77016619964,0.276962001833,-0.555831086149,0.920686205571
59,-0.14903232437,-0.214437817348,1.1454405486,-1.50976270641,-0.821353403231,2.49881935503,-0.330003167208,-0.537867348124,2.76678790286,-0.161426862454,-0.168073161363,0.0929813591061,0.0,0.218110177782,-0.116388303694,0.0,0.0,0.120385853086,-0.344822556391,-0.301198268424,1.37999369383,-0.688095236697,0.688445897385,-0.593659592858,0.476289672208,0.0,0.346813305262,0.111616379871,0.218110177782,-0.116388303694,0.0,0.0,0.120385853086,-0.344822556391,-0.301198268424,-0.411388559576,-0.859332202294,-0.254270959719,-0.120385853086,-0.360871323778,-0.0317949750246,0.426346489433,2.01462282535,-1.56698025235,2.29541045436,-1.13366967806,2.01102866491,0.146255527649,-1.34956814854,0.276962001833,-0.555831086149,3.05216685385
60,-0.138245979139,-0.172323893519,-0.465059809682,1.04522033521,1.32798260522,-1.09761224006,0.623988289618,-1.30451085337,-0.853161962764,-0.161426862454,-0.168073161363,0.0929813591061,0.0,-0.631389066476,0.0838259805432,0.0,0.0,0.120385853086,1.73123067876,1.92641392513,0.233633615409,0.33783737253,-0.229888758555,-0.593659592858,0.476289672208,0.0,-0.809231045611,-1.71428200823,-0.631389066476,0.0838259805432,0.0,0.0,0.120385853086,1.73123067876,1.92641392513,4.47533681574,-2.58737114,1.69249107563,-0.120385853086,-0.360871323778,1.13048800088,0.619097324268,1.53672594075,-1.45962282454,-0.332571299903,-1.13366967806,1.5363767733,-2.72035281428,0.307796244404,-3.76206719157,-0.0593527445358,-1.94273207349
61,-0.129492445125,-0.167812779674,-0.141289864382,0.580677964005,-0.284019401117,-1.19102604772,0.828415030366,-1.47487607676,-1.68371323064,-0.161426862454,-0.168073161363,0.0929813591061,0.0,-0.491745355091,0.176232573268,0.0,0.0,0.120385853086,-1.25828597986,-0.709070923582,0.141463960862,0.303059995946,0.0263906803119,-0.593659592858,0.136082763488,0.0,-1.10349688038,-0.185622892611,-0.491745355091,0.176232573268,0.0,0.0,0.120385853086,-1.25828597986,-0.709070923582,4.42777744469,-3.06859717328,1.13627335124,-0.120385853086,-0.360871323778,-0.402736350312,-0.24828143249,1.67192045416,-1.81236865876,0.0434515266205,-1.13366967806,1.67468593377,-2.85685797342,0.0710299025548,-3.76206719157,-0.0593527445358,-0.755632713982
62,-0.137540718105,-0.174816475067,-0.218289593494,0.580677964005,0.79064860311,-0.350301778742,0.0788503142886,-0.963780406593,0.666903565226,-0.161426862454,-0.168073161363,0.0929813591061,0.0,-0.0379032930902,0.22243586963,0.0,0.0,0.120385853086,0.125749510244,0.232173665244,0.400691114275,0.111784424734,0.314705049038,-0.593659592858,-0.204124145232,0.0,0.241718364273,0.175310509688,-0.0379032930902,0.22243586963,0.0,0.0,0.120385853086,0.125749510244,0.232173665244,1.97846983565,-2.52174940819,1.22897630531,-0.120385853086,-0.360871323778,0.536981800416,0.55484704599,1.19716762801,-1.16822409193,0.0183833381856,0.50255459955,1.19846234715,-0.604522847617,-0.165736439294,0.276962001833,-0.0593527445358,-1.13560030038
63,-0.162971601284,-0.163240498183,-1.15991278685,1.04522033521,1.05931560417,-1.05090533623,1.30541075878,-0.367502124736,-0.461392496788,-0.161426862454,-0.168073161363,0.0929813591061,0.0,-0.22409490827,0.561260042955,0.0,0.0,0.120385853086,0.983851514107,1.07929379519,-0.296341898234,0.51172425545,-0.956013835346,-0.593659592858,0.816496580928,0.0,-0.409870269855,-0.0157718797643,-0.22409490827,0.561260042955,0.0,0.0,0.120385853086,0.983851514107,1.07929379519,2.7513096152,-2.47800158698,1.04357039718,-0.120385853086,-0.360871323778,-0.45219520035,-0.24828143249,1.40781954425,-1.65900090475,-0.524760744571,-1.13366967806,1.41064117287,-1.56005896159,0.544562586253,-3.76206719157,-0.0593527445358,-0.361025027139
64,-0.138785296401,-0.183838702758,0.485840459467,-1.97430507762,-2.43335540957,-1.00419843239,-0.602572154873,-1.73042391184,-0.837491184125,-0.161426862454,-0.168073161363,0.0929813591061,0.0,2.59205327132,-0.254998192781,0.0,0.0,0.120385853086,-1.36900881907,-1.3051924965,-0.699584136876,0.0248409832743,-0.32599354813,1.21313047236,0.136082763488,0.0,-0.325794317064,-0.440399411881,2.59205327132,-0.254998192781,0.0,0.0,0.120385853086,-1.36900881907,-1.3051924965,0.640862524889,1.21868930507,-1.55211231662,-0.120385853086,-0.360871323778,1.69926477632,1.35797552447,0.279102560234,-4.11288496883,0.615841829218,0.50255459955,0.268018903983,-1.56005896159,-0.402502781144,0.276962001833,-1.0389025089,0.964027948411
65,-0.14592087863,-0.187157047518,0.77528522432,-1.74203389201,-1.35868740534,-0.864077720898,-0.602572154873,-1.98597174692,-1.08822364235,-0.161426862454,-0.168073161363,0.0929813591061,0.0,2.3942246802,-1.0866575273,0.0,0.0,0.120385853086,-0.815394623026,-0.050199711404,-1.17195361643,-0.218600652814,-0.774482566148,1.21313047236,0.476289672208,0.0,0.0945854468895,0.515012535382,2.3942246802,-1.0866575273,0.0,0.0,0.120385853086,-0.815394623026,-0.050199711404,0.361451219974,1.940528355,-2.20103299507,-0.120385853086,-0.360871323778,-0.378006925293,0.13722023718,0.209933274305,-3.3460461988,0.444542541579,0.50255459955,0.213009578796,-0.331512529338,-0.165736439294,0.276962001833,-1.0389025089,2.75671204893
66,-0.178432029449,-0.150058870608,-1.5681041219,0.348406778403,-0.284019401117,0.256887971078,1.50983749953,1.50651533253,-0.320355489036,-0.161426862454,-0.168073161363,0.0929813591061,0.0,0.532308528398,1.10029850052,0.0,0.0,0.120385853086,0.236472349452,-0.395322727307,-2.00724111076,2.32014783782,-1.20161496426,1.21313047236,1.15670348965,0.0,-2.55380706602,-1.9478271509,0.532308528398,1.10029850052,0.0,0.0,0.120385853086,0.236472349452,-0.395322727307,0.153378971634,-0.465601811425,-1.92292413287,-0.120385853086,-0.360871323778,-1.44137220112,-0.955034493552,-0.513200169493,-0.0946498139002,-0.77544262892,2.13877887716,-0.516256903684,0.0780029480796,0.781328928102,0.276962001833,-0.518153467077,-1.39519679585
67,-0.141191481106,-0.179480508026,0.272467716145,-1.97430507762,-1.35868740534,-0.116767259581,-1.28399462403,-1.73042391184,-0.75913729093,-0.161426862454,-0.168073161363,0.0929813591061,0.0,-0.165910028526,-0.224195995206,0.0,0.0,0.120385853086,0.181110929848,0.702795959656,-0.515244827782,0.390003437406,-0.59295129695,-0.593659592858,0.816496580928,0.0,1.75508551451,2.21352266385,-0.165910028526,-0.224195995206,0.0,0.0,0.120385853086,0.181110929848,0.702795959656,-0.42922332372,0.0156242218599,0.487352672794,-0.120385853086,-0.360871323778,1.08102915084,0.747597880825,-0.390581889892,-0.324701444908,-0.482980430513,-0.315557539253,-0.385806218241,-0.0585022110597,0.544562586253,0.276962001833,-0.0864536141537,1.75929958422
68,-0.176827906312,-0.181116742539,-1.17939464602,-0.580677964005,-0.0153524000604,-1.19102604772,-0.0574341795437,-0.0267716779609,1.40343016126,-0.161426862454,-0.168073161363,0.0929813591061,0.0,0.41593876891,0.145430375693,0.0,0.0,0.120385853086,0.568640867076,-0.207073809542,-0.716865947103,0.146561801318,-0.422098337706,-0.593659592858,0.816496580928,0.0,0.809231045611,1.25811071659,0.41593876891,0.145430375693,0.0,0.0,0.120385853086,0.568640867076,-0.207073809542,2.0557538136,-2.71861460362,-4.61130980073,-0.120385853086,-0.360871323778,-1.66393702629,-2.20791491998,-0.783589196305,-0.248017567905,-0.946741916558,-1.13366967806,-0.780301664582,-0.0585022110597,0.544562586253,0.276962001833,-1.03726254716,-0.537743365419
69,-0.194791319716,-0.150425876481,-0.334253040951,0.116135592801,1.32798260522,0.210181067245,0.146992561205,-0.282319513042,-0.75913729093,-0.161426862454,-0.168073161363,0.0929813591061,0.0,0.0901034423459,0.207034770843,0.0,0.0,0.120385853086,-0.261780426985,0.577296681146,-0.39427215619,0.842109332998,-0.624986226809,-0.593659592858,0.816496580928,0.0,0.262737352471,-0.567787671516,0.0901034423459,0.207034770843,0.0,0.0,0.120385853086,-0.261780426985,0.577296681146,-0.506507301675,0.29998505971,0.580055626859,-0.120385853086,-0.360871323778,0.190769850148,0.0408448197627,-0.305692311707,0.641515405324,-0.508048618947,0.50255459955,-0.302506382957,0.0780029480796,0.307796244404,0.276962001833,-1.03726254716,-0.307980403001
