,total_score,fa_rep,hbond_sc,tot_pstat_pm,tot_nlpstat_pm,tot_burunsat_pm,tot_hbond_pm,tot_NLconts_pm,tot_nlsurfaceE_pm,tot_total_charge,SR_1_total_score,SR_1_fa_rep,SR_1_hbond_sc,SR_1_hbond_pm,SR_1_burunsat_pm,SR_1_pstat_pm,SR_1_nlpstat_pm,SR_2_total_score,SR_2_fa_rep,SR_2_hbond_sc,SR_2_hbond_pm,SR_2_burunsat_pm,SR_2_pstat_pm,SR_2_nlpstat_pm,SR_3_total_score,SR_3_fa_rep,SR_3_hbond_sc,SR_3_hbond_pm,SR_3_burunsat_pm,SR_3_pstat_pm,SR_3_nlpstat_pm,SR_4_total_score,SR_4_fa_rep,SR_4_hbond_sc,SR_4_hbond_pm,SR_4_burunsat_pm,SR_4_pstat_pm,SR_4_nlpstat_pm,SR_5_total_score,SR_5_fa_rep,SR_5_hbond_sc,SR_5_interf_E_1_2,SR_5_dsasa_1_2,SR_5_hbond_pm,SR_5_burunsat_pm,kcatkm
0,3.12510549776,3.49266871114,-1.21841002405,-0.946850468007,-0.188560500236,0.35348019267,1.34748333833,0.879582458256,-0.855946445375,-0.171064332286,0.648526759567,0.958302553055,0.0,0.0,0.114707866935,0.0773035617028,0.0521326568453,-0.490550421959,0.134437257326,-0.557253592817,0.82514441727,0.0,-0.502798519336,-1.52846968136,0.648526759567,0.958302553055,0.0,0.0,0.114707866935,0.0773035617028,0.0521326568453,0.0582237833419,0.579009641682,0.349385593267,-0.15901025414,-0.349898418966,2.31960413616,2.02271144071,-0.219859597934,0.570232518249,-0.513821056228,-0.22124031269,0.527466223243,0.409536891977,0.262595749026,0.851877891282
1,-0.140205702583,-0.177152970711,-0.48705426179,-0.946850468007,-0.656920452434,-0.95873943393,0.0436684415201,-2.37727586805,-0.357331150167,-0.171064332286,2.43118934195,-0.42230281999,0.0,0.0,0.114707866935,-0.169682921746,-1.58871417759,-0.85675543465,-0.270942780148,-0.447450709729,-0.222154266188,0.0,-2.15604106953,-1.89519354437,2.43118934195,-0.42230281999,0.0,0.0,0.114707866935,-0.169682921746,-1.58871417759,-2.7643485008,1.17141173079,-8.58345361658,4.55013958,-0.349898418966,0.4490593561,-1.00153673278,0.621539891546,-3.76554200222,0.698673401573,0.622001228912,-1.617443274,-0.341280743314,0.262595749026,-2.58155715659
2,-0.187670988195,-0.140628732189,-0.840154687135,-0.271781152854,-0.656920452434,-0.45078344944,0.867130481612,0.213406891511,-1.39989040378,-0.171064332286,-0.275816801667,0.194908993842,0.0,0.0,0.114707866935,-1.33051939395,-0.563184906066,0.228543057507,0.337127276063,-0.0936414197768,0.126945294965,0.0,1.05174298308,-0.0877687909618,-0.275816801667,0.194908993842,0.0,0.0,0.114707866935,-1.33051939395,-0.563184906066,-0.341868987031,-0.386386355375,0.0629097002397,-0.15901025414,-0.349898418966,-0.871325194533,-0.276977274547,-0.190945526131,-0.0716192989805,-0.0581942568679,-0.192312644025,-0.16444006619,0.221832483154,0.262595749026,0.994294549191
3,-0.110911850111,-0.133778436796,0.244301500467,-0.721827362956,-0.188560500236,0.268820861922,-1.05428094527,-0.156690645569,2.55881284908,-0.171064332286,-0.0997513614318,0.0162424161535,0.0,0.0,0.114707866935,-0.219080218436,1.10696276469,0.128668963137,0.337127276063,0.174765627773,-0.571253827341,0.0,-0.92227797237,-0.113963352605,-0.0997513614318,0.0162424161535,0.0,0.0,0.114707866935,-0.219080218436,1.10696276469,-0.161005131931,0.622891277912,-0.0152200887677,-0.15901025414,-0.349898418966,-0.486213033931,0.038048576858,-0.373104178492,-0.281203565831,-0.0694907890835,-0.373110573185,-0.233630695133,0.0341280743314,0.262595749026,-0.86510263201
4,-0.0986916335476,-0.143717767261,1.80390601769,-1.39689667811,-2.53036026123,1.24240316553,-1.32876829197,-0.00865163073693,0.836323647453,-0.171064332286,0.670534939596,0.617211813832,0.0,0.0,0.114707866935,1.21344138557,0.989759419377,0.135327236095,-0.777667826991,-0.423050069043,0.476044856118,0.0,-2.47681947479,-1.89519354437,0.670534939596,0.617211813832,0.0,0.0,0.114707866935,1.21344138557,0.989759419377,0.200722578269,0.820358640946,0.180104383751,-0.15901025414,0.74235205105,0.669123447872,0.605095109387,0.263005401184,0.49163841818,-0.186221621977,0.263298137458,1.70370691528,0.0341280743314,0.262595749026,0.532014260626
5,-0.155820423747,-0.154521387332,0.921620786022,0.403288162299,0.279799451963,1.2847328309,-1.05428094527,0.657523936008,0.367927461045,1.29248606616,0.571498129464,0.487272484604,0.0,0.0,0.114707866935,-1.8491910092,-1.73521835923,0.168618600885,-0.372287789517,-0.471851350415,0.126945294965,0.0,-1.7365616165,-1.60705336629,0.571498129464,0.487272484604,0.0,0.0,0.114707866935,-1.8491910092,-1.73521835923,-0.0568713971763,0.557068823567,0.271255804259,-0.15901025414,0.74235205105,1.2192836773,1.32965456762,-0.318167442066,0.13796496787,-0.40838675555,-0.323933536453,1.42694439951,0.221832483154,0.262595749026,0.554272318683
6,-0.11993978788,-0.193622489308,0.956092331505,-2.52201220337,-1.59364035683,-1.0010690993,-1.12290278194,-3.78364650896,1.84866379227,-0.171064332286,2.80532840244,-2.03030201918,0.0,0.0,0.114707866935,-0.466066701884,-0.44598156075,-0.643690699994,-0.0827306198927,0.272368190518,-0.571253827341,0.0,-2.27941737925,-0.192547037536,2.80532840244,-2.03030201918,0.0,0.0,0.114707866935,-0.466066701884,-0.44598156075,0.206203301151,0.886181095291,-0.197522929785,-0.15901025414,-0.349898418966,0.421551344628,0.983126131073,0.355530430955,-2.97960100153,0.800342191513,0.358759444055,-1.82501516083,-0.71668956096,0.262595749026,-2.58155715659
7,-0.198995633332,-0.156778143525,0.347716136914,-0.946850468007,-1.59364035683,-0.323794453317,-0.230818905177,-0.822866212314,0.0959554818406,-0.171064332286,0.010289538715,0.584726981525,0.0,0.0,0.114707866935,0.373687341841,0.872556074061,0.940978264015,-0.372287789517,1.77300759273,-1.96765207195,0.0,-0.428772733506,0.147982263831,0.010289538715,0.584726981525,0.0,0.0,0.114707866935,0.373687341841,0.872556074061,-0.0568713971763,0.842299459061,0.0629097002397,-0.15901025414,-0.349898418966,0.366535321685,0.258566672842,0.297702287348,0.321351201364,0.645956251234,0.300904106723,-0.233630695133,-0.71668956096,0.262595749026,0.0495969170566
8,1.00387235025,-0.12123023215,-0.746056684602,0.178265057248,1.68487930856,-0.323794453317,2.44543272512,1.17566048792,2.25662176108,1.29248606616,0.164346798921,0.438545236144,0.0,0.0,0.114707866935,0.694769770324,-0.416680724421,-0.72358997549,0.19234869125,-0.691457116592,0.82514441727,0.0,-1.3417574254,-0.847411078627,0.164346798921,0.438545236144,0.0,0.0,0.114707866935,0.694769770324,-0.416680724421,-0.193889469222,0.754536186602,0.16708275225,-0.15901025414,-0.349898418966,1.19177566583,0.542089939106,-0.6073081601,0.177262017904,-0.875310087125,-0.611763839676,-0.0952494372466,0.5972413008,0.262595749026,0.75944730992
9,-0.175046320019,-0.152168598961,-1.93299584526,0.178265057248,0.748159404161,-1.12805809543,1.21023966498,1.17566048792,0.111065036241,-0.171064332286,-0.0337268213437,0.454787652297,0.0,0.0,0.114707866935,-0.688354536988,0.403742692795,-0.470575603085,-0.0827306198927,0.0283617836549,0.126945294965,0.0,1.10109350697,2.08637982546,-0.0337268213437,0.454787652297,0.0,0.0,0.114707866935,-0.688354536988,0.403742692795,-0.270619589567,0.425423914878,0.154061120748,-0.15901025414,-0.349898418966,1.05423560847,0.384577013404,-0.503217501608,0.268955134651,-0.472400438104,-0.504731465613,-0.16444006619,0.221832483154,0.262595749026,0.904526667853
10,-0.208731361421,-0.144886158765,0.104551991756,1.3033805825,1.68487930856,1.58104048852,-0.4366844152,0.583504428592,0.866542756254,-0.171064332286,0.0543058987738,1.33187812458,0.0,0.0,0.114707866935,1.11464679219,1.39997112798,0.508190521744,-1.35678216624,3.68845788661,-3.36405031656,0.0,-0.132669590188,-0.375908969042,0.0543058987738,1.33187812458,0.0,0.0,0.114707866935,1.11464679219,1.39997112798,-1.90387500835,0.622891277912,0.232190909756,-0.15901025414,3.29093648109,1.68691987232,1.01462871621,-1.32437714083,-0.50388684936,-0.216345707885,-1.32772363915,0.873419367959,0.409536891977,0.262595749026,0.314885595975
11,-0.167621743998,-0.172783506593,-0.518730817098,1.07835747745,0.98233938026,-0.747091107059,0.935752318287,-1.19296374939,0.171503253842,-0.171064332286,-0.35284543177,-0.194908993842,0.0,0.0,0.114707866935,0.299591396807,0.726051892415,0.494873975828,0.42399442695,-0.118042060463,0.126945294965,0.0,0.459536696448,0.436122441911,-0.35284543177,-0.194908993842,0.0,0.0,0.114707866935,0.299591396807,0.726051892415,2.00388040639,-2.55852734875,0.401472119272,-0.15901025414,-0.349898418966,-0.293656953631,0.857115790511,0.728521957219,-0.936154399738,-0.510055545489,0.727587219541,-0.787155726679,0.409536891977,0.262595749026,0.101437455228
12,-0.172460718642,-0.175680477308,1.34645929251,0.178265057248,-0.188560500236,0.268820861922,-1.67187747534,0.213406891511,0.141284145041,-1.63461473073,0.0212936287297,0.292363490762,0.0,0.0,0.114707866935,-0.0214910316767,-0.240875706446,0.474899156954,-0.241987063186,-0.179043662179,-0.222154266188,0.0,-0.626174829052,-1.29271862657,0.0212936287297,0.292363490762,0.0,0.0,0.114707866935,-0.0214910316767,-0.240875706446,-0.0130256141217,0.0743708250389,0.0759313317409,-0.15901025414,-0.349898418966,-1.31145337808,-2.00961945728,0.144457706789,0.0200738177665,-0.0167736387443,0.146141079363,1.63451628634,0.0341280743314,0.262595749026,1.22439564197
13,-0.175378548129,-0.151768464884,-0.785186547041,-0.0467580478028,-1.59364035683,-0.15447579182,-0.230818905177,1.32369950275,-0.493317139769,-1.63461473073,0.835596289816,0.779635975367,0.0,0.0,0.114707866935,0.00320761666817,-0.0650706884712,-0.124345409268,0.264737983657,-0.203444302865,0.126945294965,0.0,0.0153819814711,0.331344195336,0.835596289816,0.779635975367,0.0,0.0,0.114707866935,0.00320761666817,-0.0650706884712,0.129473180806,0.337660642418,0.414493750773,-0.15901025414,-0.349898418966,-0.183624907745,-0.182469519126,-0.176488490229,0.910806951881,-0.220111218624,-0.182187959992,-0.233630695133,0.221832483154,0.262595749026,1.02824119685
14,-0.197738944394,-0.156057902187,0.921620786022,1.3033805825,-0.656920452434,-0.493113114814,-0.848415435246,0.0653678766792,0.926980973855,-0.171064332286,0.219367248994,0.487272484604,0.0,0.0,0.114707866935,-0.663655888643,0.55024687444,1.30718327671,-0.546022091292,1.88281047582,-1.96765207195,0.0,-1.3417574254,-2.23572284574,0.219367248994,0.487272484604,0.0,0.0,0.114707866935,-0.663655888643,0.55024687444,-0.111678625994,0.293779006188,0.128017857746,-0.15901025414,-0.349898418966,0.586599413457,0.857115790511,0.407575760201,0.426143334789,1.19572081906,0.40504371392,-0.0260588083033,-1.27980278743,0.262595749026,-0.148084188232
15,-0.210652506578,-0.150952191368,-1.28176313466,0.403288162299,0.0456194758635,1.03075483866,0.180912114869,1.47173851759,-0.281783378166,-1.63461473073,0.384428599214,0.438545236144,0.0,0.0,0.114707866935,-1.55280722906,-2.37983675847,0.574773251324,-0.198553487742,0.0405621039981,-0.222154266188,0.0,0.0894077673006,-0.611660023834,0.384428599214,0.438545236144,0.0,0.0,0.114707866935,-1.55280722906,-2.37983675847,0.140434626569,-0.23280062857,0.193126015252,-0.15901025414,1.47051903106,-1.22892934366,-0.339982444828,0.14734911397,-0.124015365693,0.00581942568679,0.151926613096,1.49613502845,0.0341280743314,0.262595749026,0.849138871378
16,-0.158449359225,-0.164748814333,-0.412521190477,-0.496804257905,0.0456194758634,-1.55135474917,0.524021298241,-0.970905227146,-0.52353624857,-0.171064332286,-0.804013122372,0.0,0.0,0.0,0.114707866935,0.744167067014,1.37067029166,0.468240883996,0.119959398844,0.552975558411,-0.571253827341,0.0,1.12576876891,1.01240279807,-0.804013122372,0.0,0.0,0.0,0.114707866935,0.744167067014,1.37067029166,2.51906835728,-2.44882325818,0.258234172758,-0.15901025414,-0.349898418966,-1.86161360751,-1.44257292475,1.41089405178,-1.63040228368,0.058536576026,1.41172658348,-1.27149012928,-0.153576334491,-3.69346629609,0.247894038854
17,-0.231438430497,-0.141653075425,-2.0801986611,-0.721827362956,-0.188560500236,-0.493113114814,1.9650798684,0.139387384095,-0.55375535737,1.29248606616,0.329408149141,0.487272484604,0.0,0.0,0.114707866935,-0.811847778712,-1.11990079632,-0.517183513791,0.163392974288,-0.203444302865,0.476044856118,0.0,0.311485124789,0.0432040172564,0.329408149141,0.487272484604,0.0,0.0,0.114707866935,-0.811847778712,-1.11990079632,-0.396676215849,-0.166978174225,0.16708275225,-0.15901025414,-0.349898418966,0.889187539644,0.983126131073,-0.867534806331,0.0724698844791,-0.886606619341,-0.8648809405,-0.0260588083033,0.409536891977,0.262595749026,0.91444158042
18,-0.200136764665,-0.158554738825,-0.939842670016,-0.946850468007,0.513979428062,0.184161531174,1.6905925217,1.24967999534,0.413256124246,1.29248606616,-0.242804531623,0.227393826149,0.0,0.0,0.114707866935,0.670071121979,-0.299477379104,-1.46265827383,-0.16959777078,-0.898862562426,0.82514441727,0.0,2.33485660413,1.90301789395,-0.242804531623,0.227393826149,0.0,0.0,0.114707866935,0.670071121979,-0.299477379104,-0.325426818385,-0.671616990869,0.101974594743,-0.15901025414,-0.349898418966,-0.321164965102,0.447582183685,-2.87706279667,0.792915801777,-1.46272976233,-2.87969306306,1.91127880211,2.47428538903,0.262595749026,0.779187168158
19,-0.194893338409,-0.149143585341,0.479080675103,0.628311267351,-0.188560500236,0.395809858045,0.592643134915,0.879582458256,0.156393699442,-1.63461473073,-0.660959952181,0.178666577688,0.0,0.0,0.114707866935,1.01585219881,1.04836109204,3.40453925848,1.22027664342,1.62660374861,-1.6185525108,0.0,0.0400572434143,-0.113963352605,-0.660959952181,0.178666577688,0.0,0.0,0.114707866935,1.01585219881,1.04836109204,-0.0185063370036,0.381542278648,0.128017857746,-0.15901025414,-0.349898418966,-0.293656953631,-1.50557809503,1.2605408784,0.439242351467,2.30654648692,1.26419547329,-0.0952494372466,-2.21832483154,0.262595749026,-0.664846083126
20,8.00513198033,7.9371979816,-0.092028983832,0.178265057248,0.98233938026,0.184161531174,0.318155788217,0.213406891511,-0.976822880577,1.29248606616,-0.903049932504,-0.600969397678,0.0,0.0,0.114707866935,-0.0461896800216,0.931157746719,1.18733436346,0.337127276063,1.22399317729,-1.6185525108,0.0,0.23745933896,-0.192547037536,-0.903049932504,-0.600969397678,0.0,0.0,0.114707866935,-0.0461896800216,0.931157746719,-0.330907541267,-0.0353332655357,0.0629097002397,-0.15901025414,-0.349898418966,-1.55902548132,0.038048576858,0.271679622725,-0.0716192989805,0.841762809637,0.271976438058,-0.16444006619,-0.528985152137,0.262595749026,0.725611117936
21,-0.182947571154,-0.133858463611,-0.736740050688,0.403288162299,-0.188560500236,1.03075483866,0.524021298241,-0.00865163073693,-0.810617782175,-0.171064332286,0.0212936287297,0.535999733064,0.0,0.0,0.114707866935,1.04055084715,1.63437781862,0.781179713023,-0.546022091292,1.9072111165,-1.96765207195,0.0,-0.527473781279,0.121787702187,0.0212936287297,0.535999733064,0.0,0.0,0.114707866935,1.04055084715,1.63437781862,0.134953903687,0.820358640946,0.258234172758,-0.15901025414,-0.349898418966,0.916695551115,0.825613205371,0.595517226923,0.203460051261,0.615832165326,0.595966327112,-0.16444006619,-0.71668956096,0.262595749026,-1.31537465632
22,0.108474260015,0.00393170704465,3.43618027944,0.853334372402,-0.188560500236,2.30064479988,-3.31880155552,-1.48904177906,-0.206235606165,-1.63461473073,-0.881041752474,-0.568484565371,0.0,0.0,0.114707866935,0.645372473635,1.16556443735,0.0421114146826,0.134437257326,0.0527624243413,-0.222154266188,0.0,0.953041935312,1.61487771587,-0.881041752474,-0.568484565371,0.0,0.0,0.114707866935,0.645372473635,1.16556443735,-0.221293083631,0.271838188073,0.101974594743,-0.15901025414,-0.349898418966,-0.843817183061,-0.43449020025,0.202285850396,0.609529568283,0.235515580736,0.20255003326,-0.0952494372466,-0.341280743314,0.262595749026,0.688398847224
23,-0.166162829255,-0.208891605675,0.608581886509,-0.721827362956,-1.35946038073,1.91967781152,0.180912114869,-0.452768675234,1.87888290107,-0.171064332286,-0.528910872005,-0.714666310753,0.0,0.0,0.114707866935,-0.811847778712,-0.856193269357,0.781179713023,-0.907968553322,0.296768831205,1.17424397842,0.0,-0.256045899904,-0.978383886845,-0.528910872005,-0.714666310753,0.0,0.0,0.114707866935,-0.811847778712,-0.856193269357,-0.451483444667,-0.737439445213,0.023844805736,-0.15901025414,-0.349898418966,0.504075379043,0.16405891742,1.98917548785,-0.582480949428,1.70029925802,1.99317272366,0.112322449583,-0.71668956096,0.262595749026,-0.613615160813
24,-0.213844785373,-0.177889217412,0.561998716938,-0.0467580478028,0.279799451963,-0.112146126446,-0.642549925223,-0.00865163073693,-1.36967129498,-0.171064332286,-3.10386793544,-3.08605906916,0.0,0.0,-8.71779788708,0.200796803427,-0.00646901581293,-2.46805749049,-1.82007363764,-0.60605487419,0.476044856118,0.0,-2.94564945171,-3.07394881834,-3.10386793544,-3.08605906916,0.0,0.0,-8.71779788708,0.200796803427,-0.00646901581293,0.271971975733,0.206015733728,0.0759313317409,-0.15901025414,-0.349898418966,0.669123447872,0.573592524247,-0.696941782691,0.858410885168,-0.404621244811,-0.698546845673,0.04313182064,0.5972413008,0.262595749026,0.629174523049
25,-0.239773022645,-0.17036669677,-1.04791562342,0.403288162299,0.0456194758635,-0.662431776311,0.524021298241,0.361445906344,-0.115578279763,-0.171064332286,0.494469499361,0.0162424161535,0.0,0.0,0.114707866935,-0.120285625056,-0.944095778345,-0.750223067322,0.0910036818819,-0.630455514877,0.82514441727,0.0,1.81667610332,2.03399070217,0.494469499361,0.0162424161535,0.0,0.0,0.114707866935,-0.120285625056,-0.944095778345,-0.0897557344672,0.140193279384,0.258234172758,-0.15901025414,-0.349898418966,0.779155493758,-0.592003125952,-0.633330824723,0.255856117973,-0.856482533433,-0.627674057442,-0.0952494372466,0.5972413008,0.262595749026,0.674194745502
26,-0.176620792366,-0.144005863796,0.0365405641826,1.3033805825,1.45069933246,-0.747091107059,0.249533951543,0.213406891511,-0.0249209533615,1.29248606616,0.164346798921,0.633454229985,0.0,0.0,0.114707866935,-0.688354536988,-1.38360832328,-0.390676327589,0.467428002394,-0.679256796249,0.82514441727,0.0,0.78031510171,0.305149633693,0.164346798921,0.633454229985,0.0,0.0,0.114707866935,-0.688354536988,-1.38360832328,-0.298023203976,0.447364732993,0.206147646753,-0.15901025414,-0.349898418966,-0.486213033931,-0.655008296233,-0.615982381641,0.13796496787,-0.879075597864,-0.614656606543,-0.0952494372466,0.784945709623,0.262595749026,0.869997580171
27,-0.157799347706,-0.183987260741,0.149271834543,-2.29698909831,-1.82782033293,-1.21271742618,-0.573928088549,-2.00717833097,-2.1704776782,-0.171064332286,2.3981770719,-0.0162424161535,0.0,0.0,0.114707866935,-0.984738317126,-1.20780330531,-1.04318707747,-0.140642053818,-0.410849748699,0.126945294965,0.0,0.854340887539,-0.0615742293181,2.3981770719,-0.0162424161535,0.0,0.0,0.114707866935,-0.984738317126,-1.20780330531,0.228126192678,1.0397668221,-0.0542849832714,-0.15901025414,-0.349898418966,-0.486213033931,-0.0564591785635,0.419141388922,-3.11059116831,0.826700766683,0.423846698552,-1.1331088714,-0.528985152137,0.262595749026,-1.82327689854
28,-0.192943303851,-0.14438999251,0.191196687157,1.07835747745,0.98233938026,0.480469188793,-0.0935752318286,0.361445906344,0.0657363730401,2.7560364646,-0.286820891681,-0.0487272484604,0.0,0.0,0.114707866935,0.423084638531,0.140035165833,0.155302054969,0.337127276063,0.0893633853708,-0.222154266188,0.0,-1.31708216346,-0.140157914249,-0.286820891681,-0.0487272484604,0.0,0.0,0.114707866935,0.423084638531,0.140035165833,-0.270619589567,-0.0133924474208,0.180104383751,-0.15901025414,-0.349898418966,-1.11889729778,0.038048576858,-0.27190492718,-0.0978173323368,-0.0581942568679,-0.274756499722,-0.0952494372466,0.221832483154,0.262595749026,0.694927106662
29,-0.114811919227,-0.0944212490104,-0.0230858928677,0.628311267351,1.21651935636,1.2847328309,-0.0935752318286,1.02762147309,0.247051025843,-0.171064332286,0.406436779244,1.16945396305,0.0,0.0,0.114707866935,0.00320761666816,0.198636838491,2.98506806213,2.98657537812,1.04098837214,-0.222154266188,0.0,0.533562482278,0.462317003555,0.406436779244,1.16945396305,0.0,0.0,0.114707866935,0.00320761666816,0.198636838491,-0.303503926858,0.293779006188,0.0759313317409,-0.15901025414,-0.349898418966,0.834171516701,0.951623545933,-0.404909657476,0.98940105195,0.130081280058,-0.404931008717,-0.16444006619,0.221832483154,0.262595749026,0.73330790388
30,-0.100266105894,-0.168285999571,1.37813584781,-1.17187357306,-1.82782033293,-0.704761441685,-0.848415435246,-2.52531488288,-0.50842669417,-0.171064332286,2.0240380114,-0.600969397678,0.0,0.0,0.114707866935,-1.00943696547,-0.826892433028,-0.82346406986,0.134437257326,-0.508452311445,0.476044856118,0.0,-1.68721109261,-0.925994763558,2.0240380114,-0.600969397678,0.0,0.0,0.114707866935,-1.00943696547,-0.826892433028,0.376105710487,2.40009754522,-0.106371509276,-0.15901025414,-0.349898418966,1.85196794115,1.51867007846,0.751653214662,-2.91410591814,0.83423178816,0.74928297104,-0.37201195302,-0.341280743314,0.262595749026,-1.52890610606
31,-0.160890513598,-0.140836801909,-0.0258808830419,1.97844989766,1.45069933246,-0.0698164610717,-0.642549925223,0.139387384095,-0.417769367768,-1.63461473073,-0.275816801667,0.471030068451,0.0,0.0,0.114707866935,1.65801705577,1.22416611001,0.394999881458,0.554295153281,0.235767229489,0.126945294965,0.0,-0.256045899904,0.698068058347,-0.275816801667,0.471030068451,0.0,0.0,0.114707866935,1.65801705577,1.22416611001,-0.363791878558,-0.32056390103,0.180104383751,-0.15901025414,-0.349898418966,0.173979241385,0.13255633228,-0.173597083049,0.295153168008,-0.144801003854,-0.169170509092,-0.233630695133,0.221832483154,0.262595749026,0.913418131571
32,-0.195138898317,-0.144005863796,-0.244821780023,1.3033805825,1.21651935636,-0.15447579182,-0.162197068503,-0.230710152985,-0.916384662976,-0.171064332286,-0.473890421931,0.0324848323069,0.0,0.0,0.114707866935,0.744167067014,-1.06129912366,0.181935146801,0.42399442695,-0.179043662179,0.126945294965,0.0,-1.09500480597,-1.18794037999,-0.473890421931,0.0324848323069,0.0,0.0,0.114707866935,0.744167067014,-1.06129912366,-0.484367781958,0.469305551108,0.219169278254,-0.15901025414,-0.349898418966,0.559091401986,-0.245474689407,-0.300818998984,0.360648251398,-0.310483476348,-0.299345018088,-0.0260588083033,0.221832483154,0.262595749026,0.908301943391
33,-0.174121859192,-0.129825112118,0.0728754364476,-0.0467580478028,0.98233938026,0.184161531174,0.455399461566,0.879582458256,-0.115578279763,1.29248606616,-0.0337268213437,0.617211813832,0.0,0.0,0.114707866935,-1.60220452575,-0.533884069737,-0.210902957722,0.395038709987,-0.362048467327,0.476044856118,0.0,0.385510910619,0.960013674784,-0.0337268213437,0.617211813832,0.0,0.0,0.114707866935,-1.60220452575,-0.533884069737,-0.122640071758,0.337660642418,0.16708275225,-0.15901025414,-0.349898418966,-0.128608884802,0.13255633228,-0.18516271177,0.295153168008,-0.220111218624,-0.186527110292,-0.0260588083033,0.221832483154,0.262595749026,0.956932955198
34,-0.162594988249,-0.129745085302,0.570383687461,-0.0467580478029,0.748159404161,0.438139523419,-0.299440741852,0.139387384095,-0.780398673374,-0.171064332286,-0.671964042195,-0.471030068451,0.0,0.0,0.114707866935,-0.194381570091,1.25346694634,0.45492433808,0.221304408213,-0.032639818061,-0.222154266188,0.0,1.07641824503,0.278955072049,-0.671964042195,-0.471030068451,0.0,0.0,0.114707866935,-0.194381570091,1.25346694634,-0.139082240404,0.403483096763,0.0759313317409,-0.15901025414,-0.349898418966,-0.0460848503873,0.731105449949,-0.0492665742937,0.0331728344447,0.145143323012,-0.0476743006969,0.112322449583,0.0341280743314,0.262595749026,0.09215674521
35,-0.137345651898,-0.166237313098,0.576905331201,-0.0467580478028,-0.656920452434,0.988425173283,-0.985659108595,1.24967999534,-0.659522238172,-3.09816512917,0.86860855986,1.29939329228,0.0,0.0,0.114707866935,0.595975176945,-0.328778215433,-0.590424516329,-0.386765647998,-1.0330660862,0.82514441727,0.0,0.336160386733,0.436122441911,0.86860855986,1.29939329228,0.0,0.0,0.114707866935,0.595975176945,-0.328778215433,0.239087638442,-0.0792149017656,0.0889529632422,-0.15901025414,0.74235205105,-0.568737068346,-0.497495370531,-0.242990855377,0.00697480108837,-0.664441485768,-0.23859691389,1.77289754422,0.5972413008,0.262595749026,0.340422644082
36,-0.147875838511,-0.188436751674,1.22906970519,0.178265057248,-0.891100428533,0.946095507909,-1.53463380199,1.17566048792,0.503913450647,-0.171064332286,-0.385857701814,-0.84460563998,0.0,0.0,0.114707866935,0.546577880255,-0.621786578724,0.741230075275,-1.42917145865,1.67540502998,-1.96765207195,0.0,-0.30539642379,-0.271130722467,-0.385857701814,-0.84460563998,0.0,0.0,0.114707866935,0.546577880255,-0.621786578724,-0.539175010776,-0.649676172754,-0.0152200887677,-0.15901025414,-0.349898418966,0.916695551115,0.605095109387,1.98628408067,-0.962352433095,1.94129194528,1.98015527276,-0.0952494372466,-1.65521160507,0.262595749026,0.374063286644
37,-0.165512817735,-0.129633047761,0.303927957517,1.07835747745,0.98233938026,0.64978785029,0.112290278194,0.287426398927,-0.599084020571,1.29248606616,0.72555538967,0.471030068451,0.0,0.0,0.114707866935,-0.120285625056,0.257238511149,0.315100605961,0.800418747461,0.0771630650276,0.126945294965,0.0,1.1751192928,0.540900688485,0.72555538967,0.471030068451,0.0,0.0,0.114707866935,-0.120285625056,0.257238511149,-0.287061758213,0.0963116431538,0.219169278254,-0.15901025414,-0.349898418966,0.834171516701,0.605095109387,-0.303710406164,0.268955134651,-0.276593879702,-0.299345018088,-0.16444006619,0.221832483154,0.262595749026,0.694506749712
38,-0.217947080295,-0.165405034219,0.124116922975,-0.496804257905,-0.188560500236,-1.29737675692,-0.230818905177,-0.230710152985,0.171503253842,-0.171064332286,0.010289538715,0.0487272484604,0.0,0.0,0.114707866935,-0.29317616347,-0.152973197459,1.74662929194,-0.676322817622,1.91941143685,-1.96765207195,0.0,1.3478461264,0.252760510405,0.010289538715,0.0487272484604,0.0,0.0,0.114707866935,-0.29317616347,-0.152973197459,-0.298023203976,0.184074915614,0.023844805736,-0.15901025414,-0.349898418966,0.118963218442,0.321571843123,-0.0058954665885,0.255856117973,0.679845847881,-0.00428279769855,-0.0952494372466,-0.71668956096,0.262595749026,-0.764379298347
39,-0.116314168072,-0.1423573114,-0.679908583812,-0.271781152854,0.98233938026,-0.112146126446,0.249533951543,1.91585556208,0.0355172642396,-0.171064332286,0.72555538967,0.79587839152,0.0,0.0,0.114707866935,0.373687341841,-0.00646901581293,-1.44934172791,-0.444677081923,-0.947663843799,1.17424397842,0.0,0.262134600903,-0.166352475893,0.72555538967,0.79587839152,0.0,0.0,0.114707866935,0.373687341841,-0.00646901581293,0.326779204551,0.842299459061,0.427515382274,-0.15901025414,-0.349898418966,0.421551344628,0.227064087701,0.0606068985594,0.897707935203,-0.152332025331,0.0680363739654,-0.0952494372466,0.0341280743314,0.262595749026,0.688261046951
40,-0.20097455729,-0.148599402997,-0.241095126458,0.853334372402,1.21651935636,0.395809858045,0.180912114869,-0.674827197482,-0.583974466171,-0.171064332286,-0.374853611799,-0.292363490762,0.0,0.0,0.114707866935,-2.36786262444,-2.46773926746,-0.903363345357,-0.198553487742,-0.60605487419,0.82514441727,0.0,0.508887220335,0.855235428209,-0.374853611799,-0.292363490762,0.0,0.0,0.114707866935,-2.36786262444,-2.46773926746,-0.456964167549,-0.0572740836507,0.193126015252,-0.15901025414,-0.349898418966,-0.513721045403,-1.12754707334,-0.702724597052,0.13796496787,-0.807530893832,-0.698546845673,-0.0952494372466,0.409536891977,0.262595749026,0.7853504659
41,-0.170192900675,-0.149415676513,1.66508817237,-0.721827362956,0.98233938026,2.08899647301,-0.711171761898,0.0653678766792,0.549242113848,1.29248606616,-0.297824981696,0.211151409995,0.0,0.0,0.114707866935,0.62067382529,0.374441856466,0.368366789626,-0.879012836359,-0.447450709729,0.476044856118,0.0,-0.157344852131,0.0693985789,-0.297824981696,0.211151409995,0.0,0.0,0.114707866935,0.62067382529,0.374441856466,-1.10917019049,-0.386386355375,0.180104383751,-0.15901025414,3.29093648109,0.4490593561,0.0695511619985,-0.399126843115,-0.150213399049,-0.517586566966,-0.393359941251,1.08099125479,0.5972413008,0.262595749026,0.244623680543
42,-0.159070481344,-0.136163235893,1.14894665353,0.403288162299,0.98233938026,2.34297446526,-1.26014645529,0.953601965672,-1.14302797898,1.29248606616,-0.231800441608,0.324848323069,0.0,0.0,0.114707866935,0.595975176945,0.110734329504,0.394999881458,-0.821101402435,0.0405621039981,-0.222154266188,0.0,-0.872927448484,-0.297325284111,-0.231800441608,0.324848323069,0.0,0.0,0.114707866935,0.595975176945,0.110734329504,-1.12013163625,0.710654550372,-0.00219845726644,-0.15901025414,3.29093648109,-0.706277125704,-0.528997955671,-0.00300405940815,1.00250006863,-0.110911407207,-0.00283641426526,1.70370691528,-0.153576334491,0.262595749026,-0.726785159991
43,-0.191108826897,-0.157402352684,-0.146065460534,-0.0467580478028,-0.188560500236,-0.535442780188,-0.0935752318286,0.213406891511,-0.463098030969,-0.171064332286,-2.00345893397,-0.877090472287,0.0,0.0,0.114707866935,0.645372473635,0.140035165833,0.667989072737,0.641162304168,0.284568510862,-0.571253827341,0.0,-0.92227797237,-0.323519845754,-2.00345893397,-0.877090472287,0.0,0.0,0.114707866935,0.645372473635,0.140035165833,-0.254177420922,0.513187187337,0.0498880687385,-0.15901025414,-0.349898418966,0.971711574058,1.42416232304,-0.295036184623,0.177262017904,-0.088318342776,-0.295005867788,-0.302821324076,0.0341280743314,0.262595749026,-0.186193500332
44,-0.237317423572,-0.189012944744,0.0421305445311,0.178265057248,-0.188560500236,-1.80533274141,-0.0935752318286,0.879582458256,-0.160906942964,-0.171064332286,-3.73110106628,-6.30205746755,0.0,0.0,0.114707866935,0.447783286876,0.257238511149,-2.55461503895,-3.52846093842,0.284568510862,-0.222154266188,0.0,-0.280721161847,-0.664049147122,-3.73110106628,-6.30205746755,0.0,0.0,0.114707866935,0.447783286876,0.257238511149,0.085627397751,-0.0133924474208,0.0629097002397,-0.15901025414,-0.349898418966,0.779155493758,1.20364422706,-0.786575405282,0.688123668352,-0.272828368963,-0.791115385403,-0.0952494372466,0.221832483154,0.262595749026,-0.518507909412
45,-0.185432059628,-0.144614067593,0.47069570458,0.178265057248,0.98233938026,0.607458184916,-0.985659108595,0.80556295084,-0.402659813368,-0.171064332286,0.120330438862,0.178666577688,0.0,0.0,0.114707866935,-0.638957240298,-0.709689087712,-0.643690699994,0.0475701064383,-0.581654233504,0.476044856118,0.0,-0.897602710427,-0.925994763558,0.120330438862,0.178666577688,0.0,0.0,0.114707866935,-0.638957240298,-0.709689087712,-0.210331637867,0.425423914878,0.232190909756,-0.15901025414,-0.349898418966,0.6416154364,-0.182469519126,-0.442497950821,0.360648251398,-0.581600249521,-0.442536977982,-0.0952494372466,0.409536891977,0.262595749026,0.503193904992
46,-0.174930762416,-0.146342646804,-0.0687373990468,2.20347300271,0.98233938026,0.776776846412,0.524021298241,0.361445906344,-0.901275108576,-0.171064332286,0.285391789082,-0.0162424161535,0.0,0.0,0.114707866935,-0.24377886678,0.286539347478,0.0754027794727,0.351605134544,0.186965948116,0.126945294965,0.0,0.829665625596,0.698068058347,0.285391789082,-0.0162424161535,0.0,0.0,0.114707866935,-0.24377886678,0.286539347478,0.00341655452373,-0.0572740836507,0.180104383751,-0.15901025414,-0.349898418966,-0.266148942159,-0.308479859688,-0.338407292328,0.164163001226,-0.30671796561,-0.33550460392,-0.0952494372466,0.221832483154,0.262595749026,0.696946492675
47,-0.156542658769,-0.1310895358,0.274114728992,-0.0467580478028,0.0456194758635,0.184161531174,-0.642549925223,0.287426398927,-0.674631792572,-0.171064332286,0.0763140788031,0.146181745381,0.0,0.0,0.114707866935,0.274892748462,-0.182274033788,3.25139898045,0.5398172948,4.70108447509,-4.06224943887,0.0,-1.21838111569,-1.10935669506,0.0763140788031,0.146181745381,0.0,0.0,0.114707866935,0.274892748462,-0.182274033788,-0.24869669804,-0.254741446685,0.023844805736,-0.15901025414,-0.349898418966,0.339027310214,-0.119464348845,-0.289253370262,-0.831362266313,0.0284124901179,-0.292113100921,-1.06391824245,0.0341280743314,0.262595749026,0.459013219199
48,-0.192582186341,-0.15889085145,0.43808748588,-0.0467580478029,0.0456194758635,-0.323794453317,-0.0249533951542,-0.970905227146,0.67011854905,-0.171064332286,-0.649955862166,0.259878658456,0.0,0.0,0.114707866935,-0.120285625056,-0.76829076037,-1.12974462593,0.177870832769,-1.02086576586,1.17424397842,0.0,1.10109350697,1.82443420902,-0.649955862166,0.259878658456,0.0,0.0,0.114707866935,-0.120285625056,-0.76829076037,0.0417816146965,0.600950459797,0.180104383751,-0.15901025414,-0.349898418966,0.696631459343,0.731105449949,-0.960059836102,0.203460051261,-1.2932817791,-0.960342247096,-0.0952494372466,0.784945709623,0.262595749026,0.454591993006
49,-0.157741568904,-0.143941842344,-0.377117981604,-0.946850468007,-1.59364035683,1.6233701539,0.592643134915,-0.082671138153,-0.0249209533615,-1.63461473073,-0.0117186413143,-0.0649696646139,0.0,0.0,0.114707866935,-0.589559943609,-0.44598156075,0.315100605961,-0.661844959141,0.296768831205,-0.571253827341,0.0,1.0023924592,0.802846304922,-0.0117186413143,-0.0649696646139,0.0,0.0,0.114707866935,-0.589559943609,-0.44598156075,-0.12812079464,0.249897369958,0.219169278254,-0.15901025414,3.29093648109,-2.46678985988,-2.38765047896,0.156023335511,-0.0454212656242,0.115019237104,0.157712146829,1.42694439951,-0.153576334491,0.262595749026,0.673387153593
50,-0.173240732465,-0.185667823863,-0.707858485554,0.403288162299,0.748159404161,-0.95873943393,0.318155788217,-0.378749167817,1.04785740906,-0.171064332286,0.208363158979,0.113696913074,0.0,0.0,0.114707866935,-1.03413561382,-1.17850246898,-0.923338164231,0.351605134544,-0.850061281054,1.52334353958,0.0,0.656938791994,0.724262619991,0.208363158979,0.113696913074,0.0,0.0,0.114707866935,-1.03413561382,-1.17850246898,2.94108401918,-2.40494162195,-0.379825770802,-0.15901025414,-0.349898418966,-2.02666167634,-2.00961945728,-0.896448878135,0.413044318111,-1.40248159052,-0.892362225732,0.04313182064,0.784945709623,0.262595749026,0.410154292747
51,-0.162132757835,-0.179105625005,1.45453224591,-0.0467580478029,-0.891100428533,-1.3397064223,-0.573928088549,0.213406891511,1.39537716026,1.29248606616,-0.837025392416,-0.552242149218,0.0,0.0,0.114707866935,1.55922246239,1.16556443735,-0.716931702532,-0.039297044449,-0.679256796249,0.476044856118,0.0,0.360835648676,-0.0877687909618,-0.837025392416,-0.552242149218,0.0,0.0,0.114707866935,1.55922246239,1.16556443735,-0.462444890431,-1.3079007162,0.101974594743,-0.15901025414,-0.349898418966,0.228995264328,0.13255633228,2.68311321113,-0.988550466451,1.25596899087,2.68454400477,-0.37201195302,-1.27980278743,0.262595749026,-2.58155715659
52,-0.187049866076,-0.203369755417,-0.880216212965,0.403288162299,-0.188560500236,-3.28687102951,1.07299599164,-0.378749167817,0.352817906645,-0.171064332286,-1.47526261327,-1.52678711843,0.0,0.0,0.114707866935,2.0037981326,1.28276778267,0.348391970752,-0.0682527614114,0.39437139395,-0.571253827341,0.0,0.533562482278,0.0693985789,-1.47526261327,-1.52678711843,0.0,0.0,0.114707866935,2.0037981326,1.28276778267,0.732352697806,-2.3391191676,-0.119393140778,-0.15901025414,-0.349898418966,-0.0460848503873,-1.82060394643,0.592625819743,1.22518335216,-0.0243046602213,0.591627176813,-0.57958383985,0.0341280743314,-4.13302874554,-1.3224695839
53,-0.188133218608,-0.151336320082,0.248959817424,-0.721827362956,-0.891100428533,1.53871082315,-0.299440741852,-0.00865163073693,0.0808459274403,2.7560364646,1.01166173005,0.79587839152,0.0,0.0,0.114707866935,-1.8491910092,-1.91102337721,-0.270827414344,-0.430199223442,-0.667056475906,0.126945294965,0.0,-0.675525352938,0.514706126842,1.01166173005,0.79587839152,0.0,0.0,0.114707866935,-1.8491910092,-1.91102337721,0.0527430604601,1.54440563874,0.0498880687385,-0.15901025414,3.29093648109,0.284011287271,1.04613130135,-2.58213926428,0.373747268077,-1.51168140193,-2.58318445924,3.77942578358,2.09887657138,0.262595749026,0.180488638758
54,-0.16265276705,-0.139716426494,-0.514072500141,1.97844989766,1.21651935636,-0.196805457194,0.867130481612,0.213406891511,-1.82295792699,-1.63461473073,0.406436779244,0.860848056134,0.0,0.0,0.114707866935,0.151399506737,0.667450219757,-0.324093598009,0.684595879612,-0.496251991102,0.476044856118,0.0,0.854340887539,-0.166352475893,0.406436779244,0.860848056134,0.0,0.0,0.114707866935,0.151399506737,0.667450219757,-0.150043686167,0.0963116431538,0.141039489247,-0.15901025414,-0.349898418966,0.834171516701,0.699602864809,-0.43960654364,0.111766934514,-0.517586566966,-0.439644211116,-0.0952494372466,0.409536891977,0.262595749026,0.793018534722
55,-0.18988102736,-0.137635729295,-1.01437574133,-0.496804257905,0.748159404161,-0.408453784065,1.00437415496,0.657523936008,0.186612808242,-0.171064332286,-0.33083725174,0.162424161535,0.0,0.0,0.114707866935,0.447783286876,0.0814334931744,-0.530500059707,-0.270942780148,-0.349848146984,0.126945294965,0.0,0.23745933896,0.64567893506,-0.33083725174,0.162424161535,0.0,0.0,0.114707866935,0.447783286876,0.0814334931744,-0.0130256141217,0.732595368487,0.206147646753,-0.15901025414,-0.349898418966,-0.623753091289,-1.06454190306,-0.115768939442,0.151063984548,-0.45733839515,-0.114207938628,-0.648774468793,0.221832483154,0.262595749026,0.406887564648
56,-0.134225596605,-0.14559039474,-0.663138642767,-0.271781152854,-0.656920452434,-1.42436575305,0.935752318287,-0.452768675234,-0.674631792572,-0.171064332286,-0.0117186413143,0.617211813832,0.0,0.0,0.114707866935,-2.98532883306,-2.02822672252,-0.610399335204,-0.0682527614114,-0.728058077622,0.476044856118,0.0,-0.00929328047211,-0.585465462191,-0.0117186413143,0.617211813832,0.0,0.0,0.114707866935,-2.98532883306,-2.02822672252,-0.150043686167,0.227956551843,0.16708275225,-0.15901025414,-0.349898418966,-1.31145337808,-0.245474689407,-0.561045645215,-0.124015365693,-0.592896781737,-0.564033186378,-0.233630695133,0.5972413008,0.262595749026,0.33112298303
57,-0.173832965183,-0.163644444281,0.8806275968,-0.721827362956,0.513979428062,-0.874080103182,-0.985659108595,-0.822866212314,0.126174590641,-0.171064332286,-0.429874061872,-0.162424161535,0.0,0.0,0.114707866935,0.00320761666817,0.960458583048,-0.750223067322,0.148915115807,-1.00866544551,0.82514441727,0.0,1.15044403086,1.48390490766,-0.429874061872,-0.162424161535,0.0,0.0,0.114707866935,0.00320761666817,0.960458583048,-0.818691877749,-0.803261899558,-0.379825770802,-0.15901025414,-0.349898418966,-1.20142133219,0.668100279668,1.93423875142,1.44786663568,2.88643514065,1.9382101532,-0.0260588083033,-3.34455128448,0.262595749026,-1.84457033981
58,-0.202043465122,-0.137267605944,-0.766553279213,1.07835747745,-0.188560500236,-0.408453784065,1.27886150166,1.24967999534,1.63713003067,-0.171064332286,-0.110755451446,-1.21818121151,0.0,0.0,0.114707866935,0.126700858392,0.491645201782,-0.0777374985618,0.409516568469,-0.471851350415,0.476044856118,0.0,-0.576824305165,0.252760510405,-0.110755451446,-1.21818121151,0.0,0.0,0.114707866935,0.126700858392,0.491645201782,-0.265138866685,0.359601460533,0.193126015252,-0.15901025414,-0.349898418966,-0.898833206004,-1.31656258418,-0.211185376393,0.321351201364,-0.374497158903,-0.214008395524,-0.233630695133,0.409536891977,0.262595749026,0.86998188856
59,-0.141216831613,-0.149703773049,1.03807870995,-0.721827362956,0.0456194758635,-0.239135122569,-1.74049931201,-1.34100276423,1.86377334667,-0.171064332286,0.604510399508,0.503514900758,0.0,0.0,0.114707866935,-0.29317616347,0.345141020136,-0.18426986589,0.395038709987,-0.37424878767,0.126945294965,0.0,0.434861434505,1.19576472958,0.604510399508,0.503514900758,0.0,0.0,0.114707866935,-0.29317616347,0.345141020136,-0.857056937922,0.0743708250389,-0.483998822812,-0.15901025414,-0.349898418966,-1.42148542396,-0.970034147638,1.74340587752,0.622628584961,3.05964863462,1.73716285597,-0.0260588083033,-3.34455128448,0.262595749026,-2.58155715659
60,-0.146532481371,-0.137667740021,-0.677113593638,0.628311267351,0.748159404161,-0.15447579182,-0.0935752318286,-0.378749167817,-0.689741346973,-0.171064332286,-0.0777431814024,0.357333155376,0.0,0.0,0.114707866935,1.46042786902,0.960458583048,-0.324093598009,0.351605134544,-0.179043662179,0.476044856118,0.0,-0.256045899904,-0.0877687909618,-0.0777431814024,0.357333155376,0.0,0.0,0.114707866935,1.46042786902,0.960458583048,-0.0294677827672,-0.123096537995,0.141039489247,-0.15901025414,-0.349898418966,0.504075379043,0.479084768825,-0.283470555902,0.478539401502,-0.299186944133,-0.290666717488,-0.0260588083033,0.221832483154,0.262595749026,0.0620779544941
61,-0.160428283184,-0.149175596067,-0.678976920421,0.178265057248,-0.422740476335,-0.0274867956975,0.867130481612,-0.378749167817,0.186612808242,-0.171064332286,0.0763140788031,0.730908726906,0.0,0.0,0.114707866935,0.00320761666816,-0.358079051762,-0.437284238295,1.0031087662,-0.630455514877,1.17424397842,0.0,0.360835648676,0.907624551496,0.0763140788031,0.730908726906,0.0,0.0,0.114707866935,0.00320761666816,-0.358079051762,0.00341655452373,-0.0353332655357,0.284277435761,-0.15901025414,-0.349898418966,-0.128608884802,0.0695511619985,-0.916688728397,-0.110916349015,-0.709627614631,-0.911165210365,-0.925536984566,0.784945709623,0.262595749026,0.634917362765
62,-0.124172085106,-0.146630743339,-0.365938020907,-0.0467580478028,0.98233938026,0.226491196548,0.798508644938,0.287426398927,0.715447212251,-0.171064332286,0.0983222588325,-0.194908993842,0.0,0.0,0.114707866935,0.867660308738,0.843255237731,-0.403992873505,0.395038709987,-0.691457116592,0.476044856118,0.0,0.434861434505,0.0955931405436,0.0983222588325,-0.194908993842,0.0,0.0,0.114707866935,0.867660308738,0.843255237731,0.277452698615,-0.166978174225,0.154061120748,-0.15901025414,-0.349898418966,2.53966822793,1.99120885557,-0.0666150173757,1.5002627024,-0.329311030041,-0.0679236687628,-0.16444006619,0.409536891977,-3.25390384663,0.493657187861
63,-0.0943726681191,-0.129505004856,1.36322923355,-1.62191978316,-1.82782033293,0.35348019267,-0.848415435246,-1.19296374939,0.00529815543905,-0.171064332286,2.98139384268,0.129939329228,0.0,0.0,0.114707866935,-1.30582074561,-0.328778215433,0.328417151877,0.250260125175,0.16256530743,0.126945294965,0.0,1.12576876891,0.986208236427,2.98139384268,0.129939329228,0.0,0.0,0.114707866935,-1.30582074561,-0.328778215433,-0.150043686167,0.688713732257,0.271255804259,-0.15901025414,-0.349898418966,0.311519298742,0.699602864809,0.413358574562,0.806014818456,0.32588783846,0.413722014519,-0.0260588083033,-0.153576334491,0.262595749026,-0.770100083971
64,-0.169340663349,-0.169086267724,0.974725599333,-0.0467580478028,-0.656920452434,-0.196805457194,-0.917037271921,-0.304729660401,-0.115578279763,1.29248606616,-0.00071455129965,0.211151409995,0.0,0.0,0.114707866935,-0.540162646919,0.0521326568453,0.181935146801,0.0765258234007,-0.00823917737461,-0.222154266188,0.0,0.0400572434143,-0.585465462191,-0.00071455129965,0.211151409995,0.0,0.0,0.114707866935,-0.540162646919,0.0521326568453,-0.347349709913,-0.0792149017656,0.193126015252,-0.15901025414,-0.349898418966,-2.16420173369,-0.875526392217,-0.494543280067,-0.124015365693,-0.359435115949,-0.49026763128,-0.16444006619,0.221832483154,0.262595749026,0.83043299706
65,-0.124287642709,-0.14501420167,1.95017717014,2.87854231786,1.21651935636,-0.95873943393,-0.573928088549,-0.52678818265,1.47092493226,-0.171064332286,-1.21116445291,-0.194908993842,0.0,0.0,0.114707866935,1.38633192398,1.63437781862,0.721255256401,0.0910036818819,0.589576519441,-0.571253827341,0.0,0.0647325053575,0.776651743278,-1.21116445291,-0.194908993842,0.0,0.0,0.114707866935,1.38633192398,1.63437781862,-0.0459099514126,-1.11043335317,0.0629097002397,-0.15901025414,-0.349898418966,-1.58653349279,-1.53708068017,2.65709054651,-0.92305538306,2.363029148,2.65416995267,-0.0260588083033,-2.03062042272,0.262595749026,-0.557595409668
66,-0.120127568985,-0.148231279646,2.12067157077,0.853334372402,0.0456194758635,0.0571725350509,-2.22085216873,-0.600807690066,0.685228103451,-0.171064332286,-0.16577590152,-0.357333155376,0.0,0.0,0.114707866935,-0.466066701884,-1.44220999594,0.0620862335566,0.134437257326,-0.362048467327,0.126945294965,0.0,-0.404097471563,-1.3713023115,-0.16577590152,-0.357333155376,0.0,0.0,0.114707866935,-0.466066701884,-1.44220999594,-0.774846094695,-0.737439445213,-0.444933928308,-0.15901025414,-0.349898418966,0.696631459343,-0.150966933985,1.82436527857,1.06799515202,3.02199352724,1.82394586197,0.112322449583,-3.34455128448,0.262595749026,-1.89256998461
67,-0.164285018199,-0.171006911293,-1.18487014196,1.52840368756,1.45069933246,-1.04339876468,0.661264971589,-0.304729660401,-2.1855872326,-0.171064332286,-0.253808621637,-0.0324848323069,0.0,0.0,0.114707866935,1.53452381405,0.462344365453,0.155302054969,0.351605134544,-0.520652631788,0.476044856118,0.0,-1.04565428209,-0.664049147122,-0.253808621637,-0.0324848323069,0.0,0.0,0.114707866935,1.53452381405,0.462344365453,4.29482257099,-3.0631661654,0.362407224768,-0.15901025414,-0.349898418966,-1.47650144691,-3.08070735205,1.0407939327,-1.22433276666,-0.656910464291,1.03711327426,-3.00125585286,0.5972413008,-3.69346629609,0.237591376228
68,-0.198071172504,-0.179537769808,-0.735808387297,-0.0467580478029,-0.422740476335,-1.25504709155,0.524021298241,-1.78511980872,-0.901275108576,-0.171064332286,-0.506902691975,0.0,0.0,0.0,0.114707866935,0.62067382529,0.403742692795,-0.537158332665,-0.213031346224,-0.288846545268,0.476044856118,0.0,0.385510910619,-0.244936160824,-0.506902691975,0.0,0.0,0.0,0.114707866935,0.62067382529,0.403742692795,-0.396676215849,-0.561912900294,0.0759313317409,-0.15901025414,-0.349898418966,-0.898833206004,-0.938531562498,-0.595742531379,-0.3597976659,-0.679503528722,-0.597300005343,-0.856346355623,0.409536891977,0.262595749026,0.175488436239
69,-0.141592393824,-0.143813799439,-0.791708190781,-0.721827362956,-0.188560500236,-0.112146126446,0.318155788217,0.139387384095,-1.95894391659,-0.171064332286,0.208363158979,0.487272484604,0.0,0.0,0.114707866935,0.151399506737,-0.885494105686,-0.903363345357,0.510861577837,-0.898862562426,1.17424397842,0.0,0.78031510171,1.61487771587,0.208363158979,0.487272484604,0.0,0.0,0.114707866935,0.151399506737,-0.885494105686,-0.237735252276,-0.0133924474208,0.284277435761,-0.15901025414,-0.349898418966,0.586599413457,0.79411062023,-0.546588609313,0.504737434858,-0.803765383093,-0.543783818312,-0.0260588083033,0.5972413008,0.262595749026,-0.696783120349
70,-0.113410783286,-0.159739135692,-0.20289692741,-1.39689667811,-0.188560500236,-0.704761441685,0.455399461566,-0.156690645569,-0.840836890975,-0.171064332286,-0.484894511946,7.21308175565e-15,0.0,0.0,0.114707866935,-1.00943696547,0.960458583048,0.341733697794,0.293693700619,-0.032639818061,0.126945294965,0.0,1.42187191223,1.61487771587,-0.484894511946,7.21308175565e-15,0.0,0.0,0.114707866935,-1.00943696547,0.960458583048,4.36059124557,-3.04122534728,0.362407224768,-0.15901025414,-0.349898418966,-0.10110087333,-0.276977274547,1.50341908155,-1.15883768327,-0.073256299822,1.50140235635,-2.79368396603,0.221832483154,-4.13302874554,-0.333129677458
71,-0.182759790049,-0.155945864645,-1.52865393339,-0.496804257905,-0.422740476335,0.438139523419,1.41610517501,0.80556295084,0.171503253842,-0.171064332286,0.494469499361,0.828363223827,0.0,0.0,0.114707866935,-0.737751833678,-0.328778215433,-0.224219503638,-0.444677081923,-0.740258397965,0.82514441727,0.0,0.0894077673006,-0.402103530685,0.494469499361,0.828363223827,0.0,0.0,0.114707866935,-0.737751833678,-0.328778215433,-0.122640071758,0.0743708250389,0.232190909756,-0.15901025414,-0.349898418966,0.256503275799,0.290069257982,-0.153357232786,0.910806951881,-0.645613932076,-0.156153058193,-0.0260588083033,0.409536891977,0.262595749026,0.793257741914
72,-0.148612518233,-0.102648005628,-1.25474489631,-0.271781152854,-0.188560500236,-0.0274867956975,1.55334884836,1.32369950275,-0.432878922168,-0.171064332286,-0.220796351593,0.0812120807673,0.0,0.0,0.114707866935,0.447783286876,0.257238511149,0.255176149339,4.94108627309,0.0771630650276,-0.222154266188,0.0,-0.576824305165,-1.08316213342,-0.220796351593,0.0812120807673,0.0,0.0,0.114707866935,0.447783286876,0.257238511149,0.0143780002874,0.0743708250389,0.0629097002397,-0.15901025414,-0.349898418966,0.146471229913,-0.844023807076,-0.0463751671133,0.177262017904,0.273170688121,-0.0447815338304,-0.0260588083033,-0.153576334491,0.262595749026,0.081483604344
73,-0.145853580451,-0.161115596916,-0.386434615518,-1.84694288821,-2.53036026123,-0.577772445562,-0.779793598572,-0.674827197482,-0.312002486966,-0.171064332286,0.0543058987738,0.341090739223,0.0,0.0,0.114707866935,2.17668867102,2.65990709014,-0.463917330127,0.409516568469,-0.435250389386,0.82514441727,0.0,0.336160386733,-0.454492653973,0.0543058987738,0.341090739223,0.0,0.0,0.114707866935,2.17668867102,2.65990709014,-0.18840874634,0.600950459797,0.232190909756,-0.15901025414,-0.349898418966,-0.733785137175,0.0695511619985,-0.51767453751,-0.255005532475,-0.53264860992,-0.522088066813,-0.16444006619,0.5972413008,0.262595749026,-0.0711174102177
74,-0.145882469851,-0.225697236897,-0.455377706482,-2.07196599326,-1.59364035683,0.692117515664,0.0436684415201,-0.52678818265,2.27173131548,-0.171064332286,-0.396861791828,-0.763393559213,0.0,0.0,0.114707866935,-1.89858830589,-0.182274033788,1.5468811032,-3.0796473255,-0.789059679338,1.17424397842,0.0,0.484211958392,0.226565948762,-0.396861791828,-0.763393559213,0.0,0.0,0.114707866935,-1.89858830589,-0.182274033788,-0.226773806513,-1.08849253505,-0.0673066147726,-0.15901025414,-0.349898418966,0.366535321685,1.77069075959,0.693825071055,-1.21123374998,-0.0506632353909,0.687088483409,-0.37201195302,0.5972413008,0.262595749026,-2.58155715659
75,-0.217051508869,-0.158346669105,-1.00505910741,-0.496804257905,0.0456194758635,1.32706249628,0.524021298241,-0.082671138153,-0.599084020571,2.7560364646,0.263383609053,0.487272484604,0.0,0.0,0.114707866935,0.200796803427,-0.709689087712,-0.490550421959,-1.02379142117,-0.679256796249,0.126945294965,0.0,0.212784077017,-0.585465462191,0.263383609053,0.487272484604,0.0,0.0,0.114707866935,0.200796803427,-0.709689087712,-0.456964167549,0.140193279384,0.0108231742348,-0.15901025414,3.29093648109,1.10925163142,0.699602864809,-2.75273228792,2.41719386987,-2.40034193622,-2.7553040878,2.81075697837,2.2865809802,0.262595749026,0.218966662873
76,-0.177805257801,-0.149719778412,-1.69449001706,0.178265057248,0.279799451963,-0.112146126446,1.89645803173,1.84183605467,1.95443067307,1.29248606616,-0.0447309113584,0.259878658456,0.0,0.0,0.114707866935,1.55922246239,0.989759419377,-1.19632735551,-0.0827306198927,-1.36247473547,0.82514441727,0.0,0.533562482278,0.409927880267,-0.0447309113584,0.259878658456,0.0,0.0,0.114707866935,1.55922246239,0.989759419377,0.392547879133,2.5098016358,-0.0542849832714,7.37562948048,-0.349898418966,-0.513721045403,-1.00153673278,-0.416475286198,0.177262017904,-0.728455168323,-0.417948459617,-0.0260588083033,0.5972413008,0.262595749026,-0.874767940668
