,total_score,fa_rep,hbond_sc,tot_pstat_pm,tot_nlpstat_pm,tot_burunsat_pm,tot_hbond_pm,tot_NLconts_pm,tot_nlsurfaceE_pm,tot_total_charge,SR_1_total_score,SR_1_fa_rep,SR_1_hbond_sc,SR_1_hbond_pm,SR_1_burunsat_pm,SR_1_pstat_pm,SR_1_nlpstat_pm,SR_2_total_score,SR_2_fa_rep,SR_2_hbond_sc,SR_2_hbond_pm,SR_2_burunsat_pm,SR_2_pstat_pm,SR_2_nlpstat_pm,SR_3_total_score,SR_3_fa_rep,SR_3_hbond_sc,SR_3_hbond_pm,SR_3_burunsat_pm,SR_3_pstat_pm,SR_3_nlpstat_pm,SR_4_total_score,SR_4_fa_rep,SR_4_hbond_sc,SR_4_hbond_pm,SR_4_burunsat_pm,SR_4_pstat_pm,SR_4_nlpstat_pm,SR_5_total_score,SR_5_fa_rep,SR_5_hbond_sc,SR_5_interf_E_1_2,SR_5_dsasa_1_2,SR_5_hbond_pm,SR_5_burunsat_pm,kcat
0,2.92258613935,3.26691899639,-1.16505551533,-1.16098054484,-0.28208958715,0.251191858187,1.29257086886,0.845963360873,-0.838118568046,-0.163846384104,0.812973565614,0.875746152973,0.0,0.0,0.122169444356,0.0681353634522,0.036127015523,-0.512059860733,0.0908902403504,-0.582741532642,0.812393993323,0.0,-0.533399133029,-1.5402078231,0.812973565614,0.875746152973,0.0,0.0,0.122169444356,0.0681353634522,0.036127015523,-0.0116059978661,0.549520636306,1.537960242,-0.122169444356,-0.375387944811,2.23647387941,2.02893639983,-0.0659051283722,0.629763874183,-0.408418383761,-0.0674280153823,0.439531590132,0.305190375302,0.249184180568,0.764262511483
1,-0.195289572779,-0.154944767683,-0.781235884927,-0.425452497797,-0.755721486562,-0.614247823888,0.799175733676,0.050679832679,-1.43212964349,-0.163846384104,-0.229150538243,0.116005462175,0.0,0.0,0.122169444356,-1.3671508797,-0.585431757571,0.191375907547,0.29496455359,-0.137895411417,0.142784398827,0.0,1.06791963775,-0.0972275479511,-0.229150538243,0.116005462175,0.0,0.0,0.122169444356,-1.3671508797,-0.585431757571,-0.417325528905,-0.445134986094,-0.676465669485,-0.122169444356,-0.375387944811,-0.859578412759,-0.285319181227,-0.0341661147085,-0.254506344434,0.15485122093,-0.0356752103546,-0.249135417448,0.0551548871028,0.249184180568,0.890447311431
2,-0.12304640958,-0.148493113794,0.319173104711,-0.915804529157,-0.28208958715,0.160092944285,-1.17440480707,-0.391144349651,2.89095096112,-0.163846384104,-0.030650708937,-0.0618061888635,0.0,0.0,0.122169444356,-0.234030161423,1.10165634083,0.0936764952857,0.29496455359,0.119647079819,-0.52682519567,0.0,-0.965501023556,-0.123463552954,-0.030650708937,-0.0618061888635,0.0,0.0,0.122169444356,-0.234030161423,1.10165634083,-0.233918069668,0.594732255506,-1.28040000898,-0.122169444356,-0.375387944811,-0.485916929222,0.0317021312474,-0.23412190079,-0.543247640309,0.14088585883,-0.234130241778,-0.318002118206,-0.194880601097,0.249184180568,-1.98469635506
3,-0.111545145737,-0.157854041516,1.90172005373,-1.6513325762,-2.65024908421,1.20773045417,-1.45634488432,-0.214414676719,1.00991588889,-0.163846384104,0.837786044277,0.536287546446,0.0,0.0,0.122169444356,1.22643654214,0.983264193571,0.100189789436,-0.827444169228,-0.453970287024,0.477589196075,0.0,-2.56681979433,-1.90751189314,0.837786044277,0.536287546446,0.0,0.0,0.122169444356,1.22643654214,0.983264193571,0.132896848805,0.798184541905,0.22943583976,-0.122169444356,0.659465308452,0.63506752139,0.602340493701,0.464136399811,0.52148588823,-0.00342288286759,0.464431468832,1.61026550302,-0.194880601097,0.249184180568,0.902458811096
4,-0.165312874463,-0.168028962953,1.00645603896,0.310075549242,0.191542312262,1.25327991112,-1.17440480707,0.580868851475,0.498406351699,1.22884788078,0.726129890293,0.406969982055,0.0,0.0,0.122169444356,-1.89594054824,-1.76935323013,0.13275626019,-0.419295542749,-0.500796194521,0.142784398827,0.0,-1.80428704634,-1.61891583811,0.726129890293,0.406969982055,0.0,0.0,0.122169444356,-1.89594054824,-1.76935323013,-0.128319835562,0.526914826706,0.934025902505,-0.122169444356,0.659465308452,1.16886964073,1.33148951239,-0.173817774829,0.0342349514411,-0.278075004163,-0.180150473231,1.33479869999,0.0551548871028,0.249184180568,0.744668535285
5,-0.205947954402,-0.170154390986,0.424109013517,-1.16098054484,-1.70298528539,-0.477599453034,-0.328584575324,-1.18642787785,0.201400813978,-0.163846384104,0.0934116843794,0.503958155348,0.0,0.0,0.122169444356,0.370300888327,0.864872046315,0.888298381676,-0.419295542749,1.65319555036,-1.86604438466,0.0,-0.457145858231,0.138896497073,0.0934116843794,0.503958155348,0.0,0.0,0.122169444356,0.370300888327,0.864872046315,-0.128319835562,0.820790351505,-0.676465669485,-0.122169444356,-0.375387944811,0.341476355753,0.253617049979,0.502223216208,0.286883585332,1.02535879182,0.505710115368,-0.318002118206,-1.19502255389,0.249184180568,-0.0773648710972
6,0.926151626362,-0.13667513097,-0.685753661599,0.0648995335623,1.6124380105,-0.477599453034,2.42033117786,1.19942270674,2.5609448081,1.22884788078,0.267099035022,0.358475895408,0.0,0.0,0.122169444356,0.697646873609,-0.437441573501,-0.740025156009,0.14919718699,-0.71151277826,0.812393993323,0.0,-1.39760291408,-0.858071693029,0.267099035022,0.358475895408,0.0,0.0,0.122169444356,0.697646873609,-0.437441573501,-0.267264880438,0.730367113105,0.12878011651,-0.122169444356,-0.375387944811,1.14217953476,0.538936231206,-0.491207911466,0.0883739444176,-0.855309970954,-0.496090883256,-0.18026871669,0.555225863502,0.249184180568,0.774928627836
7,-0.183407652448,-0.165813091173,-1.89015319149,0.0648995335624,0.665174211675,-1.34303913511,1.15160083024,1.19942270674,0.217901121629,-0.163846384104,0.0437867270528,0.374640590957,0.0,0.0,0.122169444356,-0.712458909142,0.391303457291,-0.492519978281,-0.127760809549,-0.0208306426735,0.142784398827,0.0,1.11875515428,2.08036086727,0.0437867270528,0.374640590957,0.0,0.0,0.122169444356,-0.712458909142,0.391303457291,-0.345074105569,0.391279969106,0.0281243932609,-0.122169444356,-0.375387944811,1.00872900493,0.380425574969,-0.376947462276,0.214698261363,-0.357212056062,-0.378605504654,-0.249135417448,0.0551548871028,0.249184180568,0.930228452973
8,-0.215110899829,-0.158954440427,0.177367822541,1.29077961196,1.6124380105,1.57212610978,-0.540039633262,0.492504015009,1.04291650419,-0.163846384104,0.143036641706,1.2475341506,0.0,0.0,0.122169444356,1.12571470051,1.39763670897,0.464934261878,-1.41051363563,3.49111241963,-3.20526357366,0.0,-0.152132759035,-0.38582360298,0.143036641706,1.2475341506,0.0,0.0,0.122169444356,1.12571470051,1.39763670897,-2.00129904049,0.594732255506,0.632058732757,-0.122169444356,3.0741228994,1.62260144217,1.01446819992,-1.27833545032,-0.850035267176,-0.040663848467,-1.28197280769,0.783865093923,0.305190375302,0.249184180568,-0.157710193839
9,-0.176419886945,-0.18522834867,-0.455083735936,1.04560359628,0.901990161381,-0.933094022547,0.869660752988,-1.62825206018,0.283902352233,-0.163846384104,-0.315994213565,-0.271947230999,0.0,0.0,0.122169444356,0.294759507109,0.716881862245,0.451907673576,0.38242497355,-0.161308365166,0.142784398827,0.0,0.457893439356,0.427492552102,-0.315994213565,-0.271947230999,0.0,0.0,0.122169444356,0.294759507109,0.716881862245,1.96141363938,-2.68311013649,1.940583135,-0.122169444356,-0.375387944811,-0.299086187453,0.85595754368,0.975134519796,-1.44556418992,-0.403763263061,0.974063989526,-0.868935724271,0.305190375302,0.249184180568,-0.827965957945
10,-0.180974169909,-0.187956735011,1.43754409676,0.0648995335624,-0.28208958715,0.160092944285,-1.80876998089,0.050679832679,0.250901736931,-1.55654064899,0.105817923711,0.212993635468,0.0,0.0,0.122169444356,-0.0325864781728,-0.259853352617,0.432367791124,-0.288104912809,-0.219840749537,-0.192020398422,0.0,-0.660487924361,-1.30408377807,0.105817923711,0.212993635468,0.0,0.0,0.122169444356,-0.0325864781728,-0.259853352617,-0.0838574212018,0.0295870155059,-0.575809946236,-0.122169444356,-0.375387944811,-1.28662010823,-2.02893639983,0.33400644379,-0.128182027489,0.206057548629,0.335832608469,1.54139880226,-0.194880601097,0.249184180568,2.23913460964
11,-0.183720334562,-0.165436242231,-0.725459140606,-0.180276482117,-1.70298528539,-0.295401625228,-0.328584575324,1.37615237967,-0.442111184418,-1.55654064899,1.02387963425,0.697934501935,0.0,0.0,0.122169444356,-0.00740601776654,-0.0822651317331,-0.153828682442,0.22208087029,-0.243253703286,0.142784398827,0.0,0.00037379056274,0.322548532092,1.02387963425,0.697934501935,0.0,0.0,0.122169444356,-0.00740601776654,-0.0822651317331,0.0606454254695,0.300856730706,2.04123885825,-0.122169444356,-0.375387944811,-0.192325763585,-0.190212787484,-0.0182966078767,1.09896847998,-0.0453189691669,-0.0245617285949,-0.318002118206,0.0551548871028,0.249184180568,0.863668322464
12,-0.204765200319,-0.16947606289,1.00645603896,1.29077961196,-0.755721486562,-0.659797280839,-0.962949749137,-0.126049840253,1.10891773479,-0.163846384104,0.32913023168,0.406969982055,0.0,0.0,0.122169444356,-0.687278448735,0.539293641361,1.24652955997,-0.594216382668,1.75855384223,-1.86604438466,0.0,-1.39760291408,-2.24857995817,0.32913023168,0.406969982055,0.0,0.0,0.122169444356,-0.687278448735,0.539293641361,-0.183897853513,0.255645111506,-0.173187053238,-0.122169444356,-0.375387944811,0.554997203489,0.85595754368,0.62283146813,0.431254233269,1.70500641401,0.620020213467,-0.111402015932,-1.94512901849,0.249184180568,-0.986486640362
13,-0.21691901814,-0.164667470389,-1.22934057658,0.310075549242,-0.0452736374438,0.979983169409,0.0943255405506,1.5528820526,-0.211106877302,-1.55654064899,0.515223821655,0.358475895408,0.0,0.0,0.122169444356,-1.59377502336,-2.42051004004,0.530067203385,-0.244374702829,-0.00912416579912,-0.192020398422,0.0,0.0766270653616,-0.621947648005,0.515223821655,0.358475895408,0.0,0.0,0.122169444356,-1.59377502336,-2.42051004004,0.0717610290596,-0.286894318894,0.330091563009,-0.122169444356,1.34936747729,-1.20654979033,-0.348723443722,0.337180345156,-0.326691668403,0.233988272829,0.342183169475,1.40366540075,-0.194880601097,0.249184180568,0.846798924388
14,-0.167787141625,-0.177661221913,-0.347311721487,-0.670628513477,-0.0452736374438,-1.79853370462,0.446750637113,-1.36315755078,-0.475111799721,-0.163846384104,-0.824650026161,-0.0779708844124,0.0,0.0,0.122169444356,0.748007794421,1.36803867215,0.425854496973,0.0763135036905,0.482547862923,-0.52682519567,0.0,1.14417291255,1.00468466216,-0.824650026161,-0.0779708844124,0.0,0.0,0.122169444356,0.748007794421,1.36803867215,2.48384700811,-2.57008108849,0.833370179256,-0.122169444356,-0.375387944811,-1.82042222757,-1.45829803738,1.72417524226,-2.4020197325,0.299159962628,1.72501782843,-1.35100262958,-0.444916089296,-3.98694688908,-0.222150839794
15,-0.236482042574,-0.155909500975,-2.03952142205,-0.915804529157,-0.28208958715,-0.659797280839,1.92693604268,-0.037685003787,-0.508112415023,1.22884788078,0.453192624997,0.406969982055,0.0,0.0,0.122169444356,-0.838361211173,-1.14779445704,-0.538113037336,0.12004371367,-0.243253703286,0.477589196075,0.0,0.305386889758,0.0339524770623,0.453192624997,0.406969982055,0.0,0.0,0.122169444356,-0.838361211173,-1.14779445704,-0.472903546855,-0.219076890094,0.12878011651,-0.122169444356,-0.375387944811,0.848588369125,0.98276606867,-0.776859034439,-0.0559967035199,-0.869275333054,-0.773927927249,-0.111402015932,0.305190375302,0.249184180568,0.761175451979
16,-0.207021949489,-0.171827600289,-0.882390319541,-1.16098054484,0.428358261969,0.0689940303822,1.64499596543,1.2877875432,0.547907274652,1.22884788078,-0.191931820248,0.148334853272,0.0,0.0,0.122169444356,0.672466413202,-0.319049426245,-1.46300080674,-0.215221229509,-0.910522885123,0.812393993323,0.0,2.38964306759,1.89670883225,-0.191931820248,0.148334853272,0.0,0.0,0.122169444356,0.672466413202,-0.319049426245,-0.40065212352,-0.739010510894,-0.374498499737,-0.122169444356,-0.375387944811,-0.32577629342,0.443829837464,-2.98272048406,0.93655150105,-1.58150880014,-2.98551079743,1.81686560529,3.0555807455,0.249184180568,0.475170564692
17,-0.202087010039,-0.162964113171,0.557405978757,0.555251564922,-0.28208958715,0.296741315139,0.517235656426,0.845963360873,0.267402044582,-1.55654064899,-0.66336891485,0.0998407666256,0.0,0.0,0.122169444356,1.02499285889,1.0424602672,3.29821721745,1.18414548985,1.51271782787,-1.53123958742,0.0,0.025791548829,-0.123463552954,-0.66336891485,0.0998407666256,0.0,0.0,0.122169444356,1.02499285889,1.0424602672,-0.0894152229969,0.346068349906,-0.173187053238,-0.122169444356,-0.375387944811,-0.299086187453,-1.52170229988,1.55913237121,0.449300564261,3.07826702048,1.56307852279,-0.18026871669,-3.19530645949,0.249184180568,-1.39881956062
18,7.51550573687,7.45280630568,-0.0221049410441,0.0648995335623,0.901990161381,0.0689940303822,0.235295579176,0.050679832679,-0.970121029256,1.22884788078,-0.936306180146,-0.676064619722,0.0,0.0,0.122169444356,-0.0577669385791,0.924068119943,1.12929026525,0.29496455359,1.12640409101,-1.53123958742,0.0,0.229133614959,-0.202171567962,-0.936306180146,-0.676064619722,0.0,0.0,0.122169444356,-0.0577669385791,0.924068119943,-0.406209925315,-0.0834420324941,-0.676465669485,-0.122169444356,-0.375387944811,-1.52683106193,0.0317021312474,0.47365810391,-0.254506344434,1.26742506821,0.47395731034,-0.249135417448,-0.944987065695,0.249184180568,0.990403489697
19,-0.190844048811,-0.148568483582,-0.676299976121,0.310075549242,-0.28208958715,0.979983169409,0.446750637113,-0.214414676719,-0.788617645093,-0.163846384104,0.105817923711,0.455464068702,0.0,0.0,0.122169444356,1.0501733193,1.63442100348,0.731979322058,-0.594216382668,1.78196679598,-1.86604438466,0.0,-0.558816891296,0.11266049207,0.105817923711,0.455464068702,0.0,0.0,0.122169444356,1.0501733193,1.63442100348,0.0662032272646,0.798184541905,0.833370179256,-0.122169444356,-0.375387944811,0.875278475092,0.824255412433,0.829135056943,0.124466606402,0.988117826217,0.82958872665,-0.249135417448,-1.19502255389,0.249184180568,-2.3543434566
20,0.0834325446267,-0.0187967818803,3.55800574947,0.800427580602,-0.28208958715,2.34646687795,-3.50041044439,-1.98171140604,-0.128605339046,-1.55654064899,-0.911493701483,-0.643735228624,0.0,0.0,0.122169444356,0.647285952796,1.16085241446,0.00900367132602,0.0908902403504,0.00258231107522,-0.192020398422,0.0,0.966248604682,1.60811277722,-0.911493701483,-0.643735228624,0.0,0.0,0.122169444356,0.647285952796,1.16085241446,-0.295053889414,0.233039301906,-0.374498499737,-0.122169444356,-0.375387944811,-0.832888306792,-0.443829837464,0.397484471117,0.68390286716,0.517950635524,0.397750578273,-0.18026871669,-0.694951577496,0.249184180568,0.722665755157
21,-0.175046804619,-0.219235197205,0.688812206901,-0.915804529157,-1.46616933568,1.93652176539,0.0943255405506,-0.744603695515,2.14843711682,-0.163846384104,-0.514494042871,-0.789217488565,0.0,0.0,0.122169444356,-0.838361211173,-0.881412125711,0.731979322058,-0.958634799168,0.236711848562,1.14719879057,0.0,-0.279221550366,-0.989251718042,-0.514494042871,-0.789217488565,0.0,0.0,0.122169444356,-0.838361211173,-0.881412125711,-0.528481564806,-0.806827939694,-0.978432839233,-0.122169444356,-0.375387944811,0.474926885588,0.158510656237,2.35895551553,-0.958313253129,2.3287925878,2.36324920949,0.026331385584,-1.19502255389,0.249184180568,-0.361088950683
22,-0.219923485409,-0.190036941171,0.641543779511,-0.180276482117,0.191542312262,-0.249852168277,-0.751494691199,-0.214414676719,-1.39912902819,-0.163846384104,-3.41755404647,-3.14926303871,0.0,0.0,-8.18535277187,0.194037665484,-0.023069058105,-2.4465082235,-1.87696920875,-0.629567440139,0.477589196075,0.0,-3.04975720139,-3.08813211826,-3.41755404647,-3.14926303871,0.0,0.0,-8.18535277187,0.194037665484,-0.023069058105,0.205148272141,0.165221873106,-0.575809946236,-0.122169444356,-0.375387944811,0.63506752139,0.570638362453,-0.589598853823,1.02678315601,-0.273419883463,-0.591349298339,-0.0425353151741,0.555225863502,0.249184180568,0.550336442209
23,-0.244326285172,-0.18295218106,-0.992053071086,0.310075549242,-0.0452736374438,-0.841995108644,0.446750637113,0.227409505611,-0.0296034931389,-0.163846384104,0.639286214971,-0.0618061888635,0.0,0.0,0.122169444356,-0.133308319798,-0.970206236153,-0.766078332612,0.0471600303705,-0.652980393888,0.812393993323,0.0,1.855870144,2.02788885727,0.639286214971,-0.0618061888635,0.0,0.0,0.122169444356,-0.133308319798,-0.970206236153,-0.161666646333,0.0974044443058,0.833370179256,-0.122169444356,-0.375387944811,0.741827945258,-0.602340493701,-0.519773023763,0.196651930371,-0.832034367455,-0.513554926021,-0.18026871669,0.555225863502,0.249184180568,0.759625194956
24,-0.184889493771,-0.158125372754,0.108355918552,1.29077961196,1.37562206079,-0.933094022547,0.164810559863,0.050679832679,0.0693983527682,1.22884788078,0.267099035022,0.552452241995,0.0,0.0,0.122169444356,-0.712458909142,-1.41417678836,-0.414360448472,0.42615518353,-0.699806301385,0.812393993323,0.0,0.788324296818,0.296312527089,0.267099035022,0.552452241995,0.0,0.0,0.122169444356,-0.712458909142,-1.41417678836,-0.372863114544,0.413885778706,0.430747286258,-0.122169444356,-0.375387944811,-0.485916929222,-0.665744756196,-0.500729615565,0.0342349514411,-0.859965091654,-0.499266163759,-0.18026871669,0.805261351701,0.249184180568,0.952313929509
25,-0.200251701979,-0.158487147739,0.265287097487,1.04560359628,0.901990161381,0.387840229041,-0.187614536699,0.227409505611,0.168400198675,2.62154214566,-0.241556777575,-0.126464971059,0.0,0.0,0.122169444356,0.42066180914,0.124921125965,0.119729671889,0.29496455359,0.0377017416982,-0.192020398422,0.0,-1.37218515582,-0.149699557956,-0.241556777575,-0.126464971059,0.0,0.0,0.122169444356,0.42066180914,0.124921125965,-0.345074105569,-0.0608362228941,0.22943583976,-0.122169444356,-0.375387944811,-1.09978936646,0.0317021312474,-0.123035352967,-0.290599006418,0.15485122093,-0.126170704684,-0.18026871669,0.0551548871028,0.249184180568,0.645839563776
26,-0.126717025701,-0.111426251849,0.047852331493,0.555251564922,1.13880611109,1.25327991112,-0.187614536699,1.02269303381,0.366403890489,-0.163846384104,0.540036300318,1.08588719511,0.0,0.0,0.122169444356,-0.00740601776655,0.184117199593,2.88787968595,2.96250736237,0.950806937897,-0.192020398422,0.0,0.534146714155,0.453728557105,0.540036300318,1.08588719511,0.0,0.0,0.122169444356,-0.00740601776655,0.184117199593,-0.37842091634,0.255645111506,-0.575809946236,-0.122169444356,-0.375387944811,0.795208157191,0.951063937422,-0.26903481582,1.20724646593,0.387607255926,-0.269058327308,-0.249135417448,0.0551548871028,0.249184180568,0.594434945298
27,-0.113026987059,-0.180992566561,1.46968662738,-1.40615656052,-1.93980123509,-0.887544565596,-0.962949749137,-3.21881911656,-0.458611492069,-0.163846384104,2.36375348207,-0.676064619722,0.0,0.0,0.122169444356,-1.03980489442,-0.851814088897,-0.83772456827,0.0908902403504,-0.535915625144,0.477589196075,0.0,-1.75345152981,-0.936779708037,2.36375348207,-0.676064619722,0.0,0.0,0.122169444356,-1.03980489442,-0.851814088897,0.310746506247,2.4258028331,-1.98499007173,-0.122169444356,-0.375387944811,1.78274207797,1.52170229988,1.00052573073,-4.17056016974,1.25811482681,0.997878593297,-0.455735519723,-0.694951577496,0.249184180568,-2.1381137637
28,-0.170084675419,-0.155140729133,0.0450162258496,2.026307659,1.37562206079,-0.204302711326,-0.751494691199,-0.037685003787,-0.359609646162,-1.55654064899,-0.229150538243,0.390805286506,0.0,0.0,0.122169444356,1.67968482945,1.22004848808,0.354208261315,0.51361560349,0.17817946419,0.142784398827,0.0,-0.279221550366,0.689852602129,-0.229150538243,0.390805286506,0.0,0.0,0.122169444356,1.67968482945,1.22004848808,-0.439556736085,-0.377317557294,0.22943583976,-0.122169444356,-0.375387944811,0.154645613985,0.12680852499,-0.0151227065103,0.250790923347,0.0477834448316,-0.0102729663325,-0.318002118206,0.0551548871028,0.249184180568,0.98381647529
29,-0.202318122906,-0.158125372754,-0.177145382883,1.29077961196,1.13880611109,-0.295401625228,-0.258099556012,-0.479509186117,-0.904119798651,-0.163846384104,-0.452462846212,-0.0456414933146,0.0,0.0,0.122169444356,0.748007794421,-1.08859838341,0.145782848492,0.38242497355,-0.219840749537,0.142784398827,0.0,-1.14342533142,-1.19913975806,-0.452462846212,-0.0456414933146,0.0,0.0,0.122169444356,0.748007794421,-1.08859838341,-0.561828375576,0.436491588306,0.531403009508,-0.122169444356,-0.375387944811,0.528307097522,-0.253617049979,-0.154774366631,0.341022578308,-0.157041865965,-0.153160588957,-0.111402015932,0.0551548871028,0.249184180568,0.852046573524
30,-0.182537580479,-0.144769846246,0.145225291916,-0.180276482117,0.901990161381,0.0689940303822,0.376265617801,0.845963360873,-0.0296034931389,1.22884788078,0.0437867270528,0.536287546446,0.0,0.0,0.122169444356,-1.64413594417,-0.555833720757,-0.238501506402,0.35327150023,-0.395437902652,0.477589196075,0.0,0.381640164557,0.952212652156,0.0437867270528,0.536287546446,0.0,0.0,0.122169444356,-1.64413594417,-0.555833720757,-0.195013457103,0.300856730706,0.12878011651,-0.122169444356,-0.375387944811,-0.138945551651,0.12680852499,-0.0278183119758,0.250790923347,-0.0453189691669,-0.0293246493491,-0.111402015932,0.0551548871028,0.249184180568,0.841499123848
31,-0.171688870612,-0.144694476458,0.650052096441,-0.180276482118,0.665174211675,0.34229077209,-0.399069594637,-0.037685003787,-0.755617029791,-0.163846384104,-0.675775154182,-0.546747055331,0.0,0.0,0.122169444356,-0.208849701017,1.2496465249,0.412827908672,0.17835066031,-0.0793630270452,-0.192020398422,0.0,1.09333739601,0.270076522086,-0.675775154182,-0.546747055331,0.0,0.0,0.122169444356,-0.208849701017,1.2496465249,-0.211686862488,0.368674159506,-0.575809946236,-0.122169444356,-0.375387944811,-0.0588752337506,0.72914901869,0.121355052243,-0.110135696496,0.406227738726,0.123088814784,0.026331385584,-0.194880601097,0.249184180568,-0.0378439758589
32,-0.147925029952,-0.179063099977,0.656669676275,-0.180276482117,-0.755721486562,0.934433712457,-1.10391978776,1.2877875432,-0.623614568581,-2.94923491387,1.06109835225,1.2152047595,0.0,0.0,0.122169444356,0.596925031984,-0.348647463059,-0.609759272994,-0.433872279409,-1.03929413074,0.812393993323,0.0,0.330804648025,0.427492552102,1.06109835225,1.2152047595,0.0,0.0,0.122169444356,0.596925031984,-0.348647463059,0.171801461371,-0.128653651694,-0.475154222986,-0.122169444356,0.659465308452,-0.565987247122,-0.507234099959,-0.0912963393032,-0.146228358481,-0.594623211758,-0.086479698399,1.67913220378,0.555225863502,0.249184180568,0.284771007114
33,-0.157835693477,-0.199970679285,1.31842765973,0.0648995335624,-0.992537436269,0.888884255506,-1.66779994226,1.19942270674,0.646909120559,-0.163846384104,-0.353212931559,-0.918535052956,0.0,0.0,0.122169444356,0.546564111171,-0.644627831199,0.692899557154,-1.48339731893,1.55954373536,-1.86604438466,0.0,-0.330057066899,-0.28087958297,-0.353212931559,-0.918535052956,0.0,0.0,0.122169444356,0.546564111171,-0.644627831199,-0.617406393527,-0.716404701294,-1.28040000898,-0.122169444356,-0.375387944811,0.875278475092,0.602340493701,2.35578161417,-1.4816568519,2.62672031259,2.34896044723,-0.18026871669,-2.44519999489,0.249184180568,0.559452699074
34,-0.174435035265,-0.144588958754,0.37967669177,1.04560359628,0.901990161381,0.570038056847,0.0238405212381,0.139044669145,-0.557613337976,1.22884788078,0.899817240935,0.390805286506,0.0,0.0,0.122169444356,-0.133308319798,0.243313273221,0.276048731506,0.761420126709,0.0259952648239,0.142784398827,0.0,1.19500842908,0.532436572113,0.899817240935,0.390805286506,0.0,0.0,0.122169444356,-0.133308319798,0.243313273221,-0.361747510954,0.0521928251059,0.531403009508,-0.122169444356,-0.375387944811,0.795208157191,0.602340493701,-0.157948267997,0.214698261363,-0.115145779666,-0.153160588957,-0.249135417448,0.0551548871028,0.249184180568,0.746262820599
35,-0.223784429772,-0.178279254178,0.197220562045,-0.670628513477,-0.28208958715,-1.52523696291,-0.328584575324,-0.479509186117,0.283902352233,-0.163846384104,0.0934116843794,-0.0294767977657,0.0,0.0,0.122169444356,-0.309571542642,-0.171059242175,1.67640697392,-0.725407012608,1.79367327285,-1.86604438466,0.0,1.37293273694,0.243840517084,0.0934116843794,-0.0294767977657,0.0,0.0,0.122169444356,-0.309571542642,-0.171059242175,-0.372863114544,0.142616063506,-0.978432839233,-0.122169444356,-0.375387944811,0.101265402051,0.317021312474,0.168963572739,0.196651930371,1.06725487812,0.170718022325,-0.18026871669,-1.19502255389,0.249184180568,-1.6862599482
36,-0.128130892651,-0.156572755113,-0.618632494705,-0.425452497797,0.901990161381,-0.249852168277,0.164810559863,2.0830710714,0.135399583373,-0.163846384104,0.899817240935,0.714099197484,0.0,0.0,0.122169444356,0.370300888327,-0.023069058105,-1.44997421844,-0.492179226049,-0.957348792621,1.14719879057,0.0,0.254551373226,-0.175935562959,0.899817240935,0.714099197484,0.0,0.0,0.122169444356,0.370300888327,-0.023069058105,0.260726290091,0.820790351505,2.1418945815,-0.122169444356,-0.375387944811,0.394856567687,0.221914918732,0.241963304165,1.08092214899,0.0384732034318,0.250100034895,-0.18026871669,-0.194880601097,0.249184180568,0.638096588694
37,-0.207810452212,-0.162451598609,-0.173363908692,0.800427580602,1.13880611109,0.296741315139,0.0943255405506,-1.00969820491,-0.541113030325,-0.163846384104,-0.340806692228,-0.368935404293,0.0,0.0,0.122169444356,-2.42473021677,-2.50930415048,-0.915884098079,-0.244374702829,-0.629567440139,0.812393993323,0.0,0.508728955889,0.847268632145,-0.340806692228,-0.368935404293,0.0,0.0,0.122169444356,-2.42473021677,-2.50930415048,-0.534039366601,-0.106047842094,0.330091563009,-0.122169444356,-0.375387944811,-0.512607035189,-1.14127672491,-0.595946656556,0.0342349514411,-0.771517798356,-0.591349298339,-0.18026871669,0.305190375302,0.249184180568,0.795641446429
38,-0.17883977461,-0.163220370451,1.7608601401,-0.915804529157,0.901990161381,2.11871959319,-0.821979710512,-0.126049840253,0.696410043513,1.22884788078,-0.253963016906,0.132170157723,0.0,0.0,0.122169444356,0.62210549239,0.361705420477,0.328155084712,-0.929481325848,-0.477383240773,0.477589196075,0.0,-0.177550517301,0.060188482065,-0.253963016906,0.132170157723,0.0,0.0,0.122169444356,0.62210549239,0.361705420477,-1.19541778021,-0.445134986094,0.22943583976,-0.122169444356,3.0741228994,0.421546673654,0.0634042624948,-0.262687013087,-0.362784330387,-0.413073504461,-0.256357205297,0.990465196197,0.555225863502,0.249184180568,-0.0174610601772
39,-0.16837172123,-0.150739133489,1.23712596462,0.310075549242,0.901990161381,2.3920163349,-1.38585986501,0.934328197339,-1.15162441342,1.22884788078,-0.179525580917,0.245323026566,0.0,0.0,0.122169444356,0.596925031984,0.095323089151,0.354208261315,-0.871174379208,-0.00912416579912,-0.192020398422,0.0,-0.914665507024,-0.307115587972,-0.179525580917,0.245323026566,0.0,0.0,0.122169444356,0.596925031984,0.095323089151,-1.2065333838,0.685155493905,-1.17974428573,-0.122169444356,3.0741228994,-0.699437776957,-0.538936231206,0.172137474105,1.22529279693,0.089679531131,0.172305662577,1.61026550302,-0.444916089296,0.249184180568,-1.39881956062
40,-0.198525152915,-0.170742275336,-0.0769363168165,-0.180276482117,-0.28208958715,-0.70534673779,-0.187614536699,0.050679832679,-0.409110569116,-0.163846384104,-2.17693011331,-0.950864444054,0.0,0.0,0.122169444356,0.647285952796,0.124921125965,0.621253321496,0.60107602345,0.225005371688,-0.52682519567,0.0,-0.965501023556,-0.333351592975,-2.17693011331,-0.950864444054,0.0,0.0,0.122169444356,0.647285952796,0.124921125965,-0.328400700184,0.481703207506,-0.777121392734,-0.122169444356,-0.375387944811,0.928658687026,1.42659590613,-0.148426563898,0.0883739444176,0.117610255331,-0.148397668203,-0.386868818964,-0.194880601097,0.249184180568,-0.540525570356
41,-0.242015156503,-0.200513341762,0.114028129839,0.0648995335623,-0.28208958715,-2.07183044633,-0.187614536699,0.845963360873,-0.0791044160924,-0.163846384104,-4.12470968838,-6.34987275739,0.0,0.0,0.122169444356,0.445842269546,0.243313273221,-2.53118104746,-3.59702413462,0.225005371688,-0.192020398422,0.0,-0.304639308633,-0.67441965801,-4.12470968838,-6.34987275739,0.0,0.0,0.122169444356,0.445842269546,0.243313273221,0.0161830111091,-0.0608362228941,-0.676465669485,-0.122169444356,-0.375387944811,0.741827945258,1.2046809874,-0.68798979618,0.792180853113,-0.110490658966,-0.692958274428,-0.18026871669,0.0551548871028,0.249184180568,-1.3561337419
42,-0.193182367228,-0.158698183146,0.548897661826,0.0648995335623,0.901990161381,0.524488599895,-1.10391978776,0.757598524407,-0.343109338511,-0.163846384104,0.217474077696,0.0998407666256,0.0,0.0,0.122169444356,-0.662097988329,-0.733421941641,-0.6618656262,0.00342982039058,-0.606154486391,0.477589196075,0.0,-0.94008326529,-0.936779708037,0.217474077696,0.0998407666256,0.0,0.0,0.122169444356,-0.662097988329,-0.733421941641,-0.283938285824,0.391279969106,0.632058732757,-0.122169444356,-0.375387944811,0.608377415423,-0.190212787484,-0.310295533583,0.341022578308,-0.49221055636,-0.310336973844,-0.18026871669,0.305190375302,0.249184180568,0.871907041904
43,-0.183298893452,-0.160326170576,0.00152927265084,2.27148367468,0.901990161381,0.706686427701,0.446750637113,0.227409505611,-0.887619491,-0.163846384104,0.40356766767,-0.0941355799613,0.0,0.0,0.122169444356,-0.259210621829,0.272911310035,0.0415701420797,0.30954129025,0.131353556693,0.142784398827,0.0,0.83915981335,0.689852602129,0.40356766767,-0.0941355799613,0.0,0.0,0.122169444356,-0.259210621829,0.272911310035,-0.0671840158166,-0.106047842094,0.22943583976,-0.122169444356,-0.375387944811,-0.272396081486,-0.317021312474,-0.196035084393,0.0703276134254,-0.152386745265,-0.192851595242,-0.18026871669,0.0551548871028,0.249184180568,0.517143363286
44,-0.165992618189,-0.145960688903,0.349424898241,-0.180276482117,-0.0452736374438,0.0689940303822,-0.751494691199,0.139044669145,-0.640114876232,-0.163846384104,0.167849120369,0.0675113755278,0.0,0.0,0.122169444356,0.269579046702,-0.200657278989,3.14841145198,0.49903886683,4.4627500002,-3.87487316815,0.0,-1.27051412275,-1.12043174306,0.167849120369,0.0675113755278,0.0,0.0,0.122169444356,0.269579046702,-0.200657278989,-0.322842898389,-0.309500128494,-0.978432839233,-0.122169444356,-0.375387944811,0.314786249787,-0.12680852499,-0.142078761165,-1.30119354198,0.261918997028,-0.1452223877,-1.1444025273,-0.194880601097,0.249184180568,0.477810609887
45,-0.199911830116,-0.1721441534,0.515809762653,-0.180276482118,-0.0452736374438,-0.477599453034,-0.117129517387,-1.36315755078,0.828412504722,-0.163846384104,-0.650962675519,0.18066424437,0.0,0.0,0.122169444356,-0.133308319798,-0.792618015269,-1.1373360992,0.13462045033,-1.02758765387,1.14719879057,0.0,1.11875515428,1.81800081724,-0.650962675519,0.18066424437,0.0,0.0,0.122169444356,-0.133308319798,-0.792618015269,-0.0282794032513,0.572126445906,0.22943583976,-0.122169444356,-0.375387944811,0.661757627357,0.72914901869,-0.878423878162,0.124466606402,-1.37202836865,-0.87871218384,-0.18026871669,0.805261351701,0.249184180568,0.352186041363
46,-0.167120992774,-0.158065076923,-0.311387716671,-1.16098054484,-1.70298528539,1.61767556673,0.517235656426,-0.302779513185,0.0693983527682,-1.55654064899,0.0685992057161,-0.142629666608,0.0,0.0,0.122169444356,-0.611737067517,-0.467039610315,0.276048731506,-0.710830275948,0.236711848562,-0.52682519567,0.0,1.01708412121,0.79479662214,0.0685992057161,-0.142629666608,0.0,0.0,0.122169444356,-0.611737067517,-0.467039610315,-0.200571258898,0.210433492306,0.531403009508,-0.122169444356,3.0741228994,-2.40760455884,-2.4093619748,0.346702049256,-0.21841368245,0.368986773127,0.34853373048,1.33479869999,-0.444916089296,0.249184180568,0.586976249725
47,-0.181708293133,-0.197362884606,-0.646993551139,0.310075549242,0.665174211675,-1.1608413073,0.235295579176,-0.656238859049,1.240920196,-0.163846384104,0.316723992349,0.03518198443,0.0,0.0,0.122169444356,-1.06498535483,-1.20699053067,-0.935423980531,0.30954129025,-0.863696977626,1.48200358782,0.0,0.661235505486,0.716088607132,0.316723992349,0.03518198443,0.0,0.0,0.122169444356,-1.06498535483,-1.20699053067,2.91179774633,-2.52486946929,-4.09876025996,-0.122169444356,-0.375387944811,-1.98056286337,-2.02893639983,-0.808598048102,0.413207902277,-1.50702686894,-0.804093092025,-0.0425353151741,0.805261351701,0.249184180568,0.00217139140397
48,-0.195724608763,-0.165029245373,0.32389994745,-0.915804529157,-0.992537436269,1.52657665282,-0.399069594637,-0.214414676719,0.184900506326,2.62154214566,1.22237946356,0.714099197484,0.0,0.0,0.122169444356,-1.89594054824,-1.94694145102,-0.297121153759,-0.477602489389,-0.688099824511,0.142784398827,0.0,-0.711323440893,0.50620056711,1.22237946356,0.714099197484,0.0,0.0,0.122169444356,-1.89594054824,-1.94694145102,-0.0171637996612,1.5441762587,-0.777121392734,-0.122169444356,3.0741228994,0.261406037853,1.04617033116,-2.65898254469,0.3590689093,-1.64202536924,-2.66004454589,3.67626652576,2.5555097691,0.249184180568,-0.227065971733
49,-0.17174325011,-0.154085552095,-0.450356893197,2.026307659,1.13880611109,-0.34095108218,0.799175733676,0.050679832679,-1.89413825772,-1.55654064899,0.540036300318,0.77875797968,0.0,0.0,0.122169444356,0.143676744671,0.657685788617,-0.349227506965,0.644806233429,-0.52420914827,0.477589196075,0.0,0.864577571617,-0.175935562959,0.540036300318,0.77875797968,0.0,0.0,0.122169444356,0.143676744671,0.657685788617,-0.222802466078,0.0521928251059,-0.0725313299885,-0.122169444356,-0.375387944811,0.795208157191,0.697446887443,-0.307121632216,-0.00185771054332,-0.413073504461,-0.307161693341,-0.18026871669,0.305190375302,0.249184180568,0.870647801555
50,-0.19736958858,-0.152125937596,-0.958019803365,-0.670628513477,0.665174211675,-0.568698366936,0.940145772301,0.580868851475,0.300402659885,-0.163846384104,-0.291181734901,0.0836760710767,0.0,0.0,0.122169444356,0.445842269546,0.065725052337,-0.551139625638,-0.317258386129,-0.383731425778,0.142784398827,0.0,0.229133614959,0.637380592124,-0.291181734901,0.0836760710767,0.0,0.0,0.122169444356,0.445842269546,0.065725052337,-0.0838574212018,0.707761303505,0.430747286258,-0.122169444356,-0.375387944811,-0.619367459056,-1.07787246241,0.048355320817,0.0522812824332,-0.338591573262,0.0500573632201,-0.731202322755,0.0551548871028,0.249184180568,0.567303558594
51,-0.144988537055,-0.159617694565,-0.601615860845,-0.425452497797,-0.755721486562,-1.66188533377,0.869660752988,-0.744603695515,-0.640114876232,-0.163846384104,0.0685992057161,0.536287546446,0.0,0.0,0.122169444356,-3.05424172692,-2.06533359827,-0.629299155447,-0.113184072889,-0.746632208883,0.477589196075,0.0,-0.0250439677036,-0.595711643002,0.0685992057161,0.536287546446,0.0,0.0,0.122169444356,-3.05424172692,-2.06533359827,-0.222802466078,0.187827682706,0.12878011651,-0.122169444356,-0.375387944811,-1.28662010823,-0.253617049979,-0.440425489604,-0.326691668403,-0.50617591846,-0.443698754961,-0.318002118206,0.555225863502,0.249184180568,0.0988655983963
52,-0.208816472926,-0.151779236569,-0.706551769651,1.04560359628,-0.28208958715,-0.568698366936,1.22208584955,1.2877875432,1.8844321944,-0.163846384104,-0.0430569482686,-1.29032305058,0.0,0.0,0.122169444356,0.118496284265,0.480097567733,-0.108235623387,0.36784823689,-0.500796194521,0.477589196075,0.0,-0.609652407828,0.243840517084,-0.0430569482686,-1.29032305058,0.0,0.0,0.122169444356,0.118496284265,0.480097567733,-0.339516303774,0.323462540306,0.330091563009,-0.122169444356,-0.375387944811,-0.886268518726,-1.33148951239,-0.0563834242731,0.286883585332,-0.236178917864,-0.0594898141254,-0.318002118206,0.305190375302,0.249184180568,0.622264983337
53,-0.156571370146,-0.152156085511,-0.615796389062,0.555251564922,0.665174211675,-0.295401625228,-0.187614536699,-0.656238859049,-0.656615183884,-0.163846384104,-0.00583823027371,0.277652417664,0.0,0.0,0.122169444356,1.4782411462,0.953666156757,-0.349227506965,0.30954129025,-0.219840749537,0.477589196075,0.0,-0.279221550366,-0.0972275479511,-0.00583823027371,0.277652417664,0.0,0.0,0.122169444356,1.4782411462,0.953666156757,-0.100530826587,-0.173865270894,-0.0725313299885,-0.122169444356,-0.375387944811,0.474926885588,0.475531968711,-0.135730958432,0.503439557238,-0.143076503865,-0.143634747449,-0.111402015932,0.0551548871028,0.249184180568,-0.222150839794
54,-0.169649639434,-0.162994261086,-0.617687126157,0.0648995335623,-0.518905536856,-0.158753254374,0.799175733676,-0.656238859049,0.300402659885,-0.163846384104,0.167849120369,0.649440415289,0.0,0.0,0.122169444356,-0.00740601776655,-0.378245499873,-0.459953507527,0.965494439949,-0.652980393888,1.14719879057,0.0,0.356222406291,0.89974064215,0.167849120369,0.649440415289,0.0,0.0,0.122169444356,-0.00740601776655,-0.378245499873,-0.0671840158166,-0.0834420324941,1.03468162575,-0.122169444356,-0.375387944811,-0.138945551651,0.0634042624948,-0.830815357667,-0.30864533741,-0.650484660157,-0.824732415293,-1.00666912579,0.805261351701,0.249184180568,0.845478903813
55,-0.13552650439,-0.160597501814,-0.300043294097,-0.180276482117,0.901990161381,0.114543487333,0.728690714363,0.139044669145,0.877913427676,-0.163846384104,0.192661599032,-0.271947230999,0.0,0.0,0.122169444356,0.873910096452,0.835274009501,-0.427387036774,0.35327150023,-0.71151277826,0.477589196075,0.0,0.43247568109,0.0864244870676,0.192661599032,-0.271947230999,0.0,0.0,0.122169444356,0.873910096452,0.835274009501,0.210706073936,-0.219076890094,0.0281243932609,-0.122169444356,-0.375387944811,2.44999472714,1.99723426859,0.102311644045,1.91105337463,-0.180317469465,0.100861851264,-0.249135417448,0.305190375302,-3.51626565912,0.492101765798
56,-0.107480278255,-0.144468367092,1.45456073062,-1.89650859188,-1.93980123509,0.251191858187,-0.962949749137,-1.62825206018,0.102398968071,-0.163846384104,3.44309630392,0.0513466799789,0.0,0.0,0.122169444356,-1.3419704193,-0.348647463059,0.289075319808,0.20750413363,0.107940602944,0.142784398827,0.0,1.14417291255,0.978448657158,3.44309630392,0.0513466799789,0.0,0.0,0.122169444356,-1.3419704193,-0.348647463059,-0.222802466078,0.662549684305,0.934025902505,-0.122169444356,-0.375387944811,0.28809614382,0.697446887443,0.629179270862,0.954597832042,0.629673532323,0.629546054976,-0.111402015932,-0.444916089296,0.249184180568,-2.1381137637
57,-0.178037677013,-0.181746264445,1.06034204619,-0.180276482117,-0.755721486562,-0.34095108218,-1.03343476845,-0.567874022583,-0.0296034931389,1.22884788078,0.0810054450477,0.132170157723,0.0,0.0,0.122169444356,-0.561376146704,0.036127015523,0.145782848492,0.0325832937105,-0.0559500732965,-0.192020398422,0.0,0.025791548829,-0.595711643002,0.0810054450477,0.132170157723,0.0,0.0,0.122169444356,-0.561376146704,0.036127015523,-0.4228833307,-0.128653651694,0.330091563009,-0.122169444356,-0.375387944811,-2.1140133932,-0.887659674928,-0.367425758177,-0.326691668403,-0.217558435064,-0.36272910214,-0.249135417448,0.0551548871028,0.249184180568,-0.324295877455
58,-0.135635263386,-0.159075032088,2.05014291573,3.00701172172,1.13880611109,-1.1608413073,-0.681009671887,-0.832968531981,1.70292881023,-0.163846384104,-1.28368088143,-0.271947230999,0.0,0.0,0.122169444356,1.40269976498,1.63442100348,0.673359674702,0.0471600303705,0.517667293546,-0.52682519567,0.0,0.0512093070953,0.768560617137,-1.28368088143,-0.271947230999,0.0,0.0,0.122169444356,1.40269976498,1.63442100348,-0.117204231972,-1.19112670289,-0.676465669485,-0.122169444356,-0.375387944811,-1.5535211679,-1.55340443112,3.09212673116,-1.42751785893,3.14809383098,3.08880080437,-0.111402015932,-2.94527097129,0.249184180568,-0.770256947461
59,-0.173279470931,-0.183555139367,-1.13102224761,1.53595562764,1.37562206079,-1.25194022121,0.587720675738,-0.567874022583,-2.29014564135,-0.163846384104,-0.20433805958,-0.11030027551,0.0,0.0,0.122169444356,1.55378252742,0.450499530919,0.119729671889,0.30954129025,-0.547622102019,0.477589196075,0.0,-1.09258981489,-0.67441965801,-0.20433805958,-0.11030027551,0.0,0.0,0.122169444356,1.55378252742,0.450499530919,4.28457478971,-3.20304375729,1.63861596525,-0.122169444356,-0.375387944811,-1.44676074403,-3.10680886225,1.31791586736,-1.84258347175,-0.585312970359,1.31381900332,-3.07267014853,0.555225863502,-3.98694688908,-0.928251963951
60,-0.205077882433,-0.191589558813,-0.675354607573,-0.180276482118,-0.518905536856,-1.47968750596,0.446750637113,-2.3351707519,-0.887619491,-0.163846384104,-0.489681564207,-0.0779708844124,0.0,0.0,0.122169444356,0.62210549239,0.391303457291,-0.557652919788,-0.258951439489,-0.325199041406,0.477589196075,0.0,0.381640164557,-0.254643577967,-0.489681564207,-0.0779708844124,0.0,0.0,0.122169444356,0.62210549239,0.391303457291,-0.472903546855,-0.625981462894,-0.575809946236,-0.122169444356,-0.375387944811,-0.886268518726,-0.951063937422,-0.478512306,-0.651525626262,-0.613243694558,-0.480214480742,-0.937802425029,0.305190375302,0.249184180568,-0.202931172696
61,-0.151921923061,-0.157944485262,-0.732076720441,-0.915804529157,-0.28208958715,-0.249852168277,0.235295579176,-0.037685003787,-2.04264102658,-0.163846384104,0.316723992349,0.406969982055,0.0,0.0,0.122169444356,0.143676744671,-0.911010162525,-0.915884098079,0.46988539351,-0.910522885123,1.14719879057,0.0,0.788324296818,1.60811277722,0.316723992349,0.406969982055,0.0,0.0,0.122169444356,0.143676744671,-0.911010162525,-0.311727294799,-0.0608362228941,1.03468162575,-0.122169444356,-0.375387944811,0.554997203489,0.792553281185,-0.424555982772,0.539532219222,-0.766862677656,-0.421471791441,-0.111402015932,0.555225863502,0.249184180568,-1.86569656788
62,-0.125398322872,-0.172943073158,-0.134603798232,-1.6513325762,-0.28208958715,-0.887544565596,0.376265617801,-0.391144349651,-0.821618260395,-0.163846384104,-0.464869085544,-0.0779708844124,0.0,0.0,0.122169444356,-1.03980489442,0.953666156757,0.302101908109,0.25123434361,-0.0793630270452,0.142784398827,0.0,1.44918601174,1.60811277722,-0.464869085544,-0.0779708844124,0.0,0.0,0.122169444356,-1.03980489442,0.953666156757,4.35126841125,-3.18043794769,1.63861596525,-0.122169444356,-0.375387944811,-0.112255445684,-0.285319181227,1.82574008598,-1.75235181679,0.13623073813,1.82345152402,-2.86607004626,0.0551548871028,-4.45762811904,-1.49604946634
63,-0.190667315442,-0.169370545186,-1.47986324175,-0.670628513477,-0.518905536856,0.34229077209,1.36305588818,0.757598524407,0.283902352233,-0.163846384104,0.639286214971,0.746428588582,0.0,0.0,0.122169444356,-0.762819829954,-0.348647463059,-0.251528094704,-0.492179226049,-0.758338685757,0.812393993323,0.0,0.0766270653616,-0.412059607983,0.639286214971,0.746428588582,0.0,0.0,0.122169444356,-0.762819829954,-0.348647463059,-0.195013457103,0.0295870155059,0.632058732757,-0.122169444356,-0.375387944811,0.234715931886,0.285319181227,0.00709460305423,1.09896847998,-0.571347608259,0.00401579592997,-0.111402015932,0.305190375302,0.249184180568,0.263552409214
64,-0.158529032077,-0.119174266099,-1.2019248887,-0.425452497797,-0.28208958715,-0.158753254374,1.5040259268,1.37615237967,-0.376109953814,-0.163846384104,-0.167119341585,0.00285259333216,0.0,0.0,0.122169444356,0.445842269546,0.243313273221,0.21742908415,4.93036681146,0.0259952648239,-0.192020398422,0.0,-0.609652407828,-1.09419573805,-0.167119341585,0.00285259333216,0.0,0.0,0.122169444356,0.445842269546,0.243313273221,-0.0560684122265,0.0295870155059,-0.676465669485,-0.122169444356,-0.375387944811,0.127955508018,-0.85595754368,0.12452895361,0.0883739444176,0.564501842524,0.126264095287,-0.111402015932,-0.444916089296,0.249184180568,-0.966360174813
65,-0.155932411044,-0.174239433518,-0.320841402149,-2.14168460756,-2.65024908421,-0.750896194742,-0.892464729824,-1.00969820491,-0.244107492604,-0.163846384104,0.143036641706,0.261487722115,0.0,0.0,0.122169444356,2.20847449798,2.67035229197,-0.48600668413,0.36784823689,-0.465676763898,0.812393993323,0.0,0.330804648025,-0.464531617988,0.143036641706,0.261487722115,0.0,0.0,0.122169444356,2.20847449798,2.67035229197,-0.261707078643,0.572126445906,0.632058732757,-0.122169444356,-0.375387944811,-0.726127882924,0.0634042624948,-0.392816969108,-0.507154978324,-0.431693987261,-0.39765718767,-0.249135417448,0.555225863502,0.249184180568,0.0934788047131
66,-0.222941547552,-0.171631638839,-0.948566117887,-0.670628513477,-0.0452736374438,1.29882936807,0.446750637113,-0.302779513185,-0.557613337976,2.62154214566,0.378755189007,0.406969982055,0.0,0.0,0.122169444356,0.194037665484,-0.733421941641,-0.512059860733,-1.07524869245,-0.699806301385,0.142784398827,0.0,0.203715856693,-0.595711643002,0.378755189007,0.406969982055,0.0,0.0,0.122169444356,0.194037665484,-0.733421941641,-0.534039366601,0.0974044443058,-1.07908856248,-0.122169444356,3.0741228994,1.06210921686,0.697446887443,-2.84624272531,3.17429654408,-2.74063385442,-2.84897373581,2.71213271515,2.8055452573,0.249184180568,-0.730736052223
67,-0.186004273482,-0.163506775647,-1.64813884326,0.0648995335623,0.191542312262,-0.249852168277,1.85645102336,1.99470623493,2.23093865507,1.22884788078,0.0313804877212,0.18066424437,0.0,0.0,0.122169444356,1.57896298783,0.983264193571,-1.20246904071,-0.127760809549,-1.35536900635,0.812393993323,0.0,0.534146714155,0.4012565471,0.0313804877212,0.18066424437,0.0,0.0,0.122169444356,1.57896298783,0.983264193571,0.327419911632,2.5388318811,-1.58236717873,8.18535277187,-0.375387944811,-0.512607035189,-1.01446819992,-0.281730421285,0.0883739444176,-0.673760263657,-0.283347089571,-0.111402015932,0.555225863502,0.249184180568,-2.3543434566
